[2026-04-22 13:43:12] production.ERROR: SQLSTATE[HY000] [1045] Access denied for user 'forge'@'localhost' (using password: YES) (SQL: select * from `menus` where `active` = 1 and `type` = header_menu order by `drag_id` asc, `created_at` desc) {"exception":"[object] (Illuminate\\Database\\QueryException(code: 1045): SQLSTATE[HY000] [1045] Access denied for user 'forge'@'localhost' (using password: YES) (SQL: select * from `menus` where `active` = 1 and `type` = header_menu order by `drag_id` asc, `created_at` desc) at D:\\laragon\\laragon\\www\\sungoods\\vendor\\laravel\\framework\\src\\Illuminate\\Database\\Connection.php:760)
[stacktrace]
#0 D:\\laragon\\laragon\\www\\sungoods\\vendor\\laravel\\framework\\src\\Illuminate\\Database\\Connection.php(720): Illuminate\\Database\\Connection->runQueryCallback('select * from `...', Array, Object(Closure))
#1 D:\\laragon\\laragon\\www\\sungoods\\vendor\\laravel\\framework\\src\\Illuminate\\Database\\Connection.php(405): Illuminate\\Database\\Connection->run('select * from `...', Array, Object(Closure))
#2 D:\\laragon\\laragon\\www\\sungoods\\vendor\\laravel\\framework\\src\\Illuminate\\Database\\Query\\Builder.php(2705): Illuminate\\Database\\Connection->select('select * from `...', Array, true)
#3 D:\\laragon\\laragon\\www\\sungoods\\vendor\\laravel\\framework\\src\\Illuminate\\Database\\Query\\Builder.php(2694): Illuminate\\Database\\Query\\Builder->runSelect()
#4 D:\\laragon\\laragon\\www\\sungoods\\vendor\\laravel\\framework\\src\\Illuminate\\Database\\Query\\Builder.php(3230): Illuminate\\Database\\Query\\Builder->Illuminate\\Database\\Query\\{closure}()
#5 D:\\laragon\\laragon\\www\\sungoods\\vendor\\laravel\\framework\\src\\Illuminate\\Database\\Query\\Builder.php(2693): Illuminate\\Database\\Query\\Builder->onceWithColumns(Array, Object(Closure))
#6 D:\\laragon\\laragon\\www\\sungoods\\vendor\\laravel\\framework\\src\\Illuminate\\Database\\Eloquent\\Builder.php(710): Illuminate\\Database\\Query\\Builder->get(Array)
#7 D:\\laragon\\laragon\\www\\sungoods\\vendor\\laravel\\framework\\src\\Illuminate\\Database\\Eloquent\\Builder.php(694): Illuminate\\Database\\Eloquent\\Builder->getModels(Array)
#8 D:\\laragon\\laragon\\www\\sungoods\\app\\Providers\\AppServiceProvider.php(40): Illuminate\\Database\\Eloquent\\Builder->get()
#9 D:\\laragon\\laragon\\www\\sungoods\\vendor\\laravel\\framework\\src\\Illuminate\\View\\Concerns\\ManagesEvents.php(162): App\\Providers\\AppServiceProvider->App\\Providers\\{closure}(Object(Illuminate\\View\\View))
#10 D:\\laragon\\laragon\\www\\sungoods\\vendor\\laravel\\framework\\src\\Illuminate\\Events\\Dispatcher.php(418): Illuminate\\View\\Factory->Illuminate\\View\\Concerns\\{closure}('composing: erro...', Array)
#11 D:\\laragon\\laragon\\www\\sungoods\\vendor\\laravel\\framework\\src\\Illuminate\\Events\\Dispatcher.php(249): Illuminate\\Events\\Dispatcher->Illuminate\\Events\\{closure}('composing: erro...', Array)
#12 D:\\laragon\\laragon\\www\\sungoods\\vendor\\laravel\\framework\\src\\Illuminate\\View\\Concerns\\ManagesEvents.php(177): Illuminate\\Events\\Dispatcher->dispatch('composing: erro...', Array)
#13 D:\\laragon\\laragon\\www\\sungoods\\vendor\\laravel\\framework\\src\\Illuminate\\View\\View.php(176): Illuminate\\View\\Factory->callComposer(Object(Illuminate\\View\\View))
#14 D:\\laragon\\laragon\\www\\sungoods\\vendor\\laravel\\framework\\src\\Illuminate\\View\\View.php(147): Illuminate\\View\\View->renderContents()
#15 D:\\laragon\\laragon\\www\\sungoods\\vendor\\laravel\\framework\\src\\Illuminate\\Http\\Response.php(69): Illuminate\\View\\View->render()
#16 D:\\laragon\\laragon\\www\\sungoods\\vendor\\laravel\\framework\\src\\Illuminate\\Http\\Response.php(35): Illuminate\\Http\\Response->setContent(Object(Illuminate\\View\\View))
#17 D:\\laragon\\laragon\\www\\sungoods\\vendor\\laravel\\framework\\src\\Illuminate\\Routing\\ResponseFactory.php(57): Illuminate\\Http\\Response->__construct(Object(Illuminate\\View\\View), 404, Array)
#18 D:\\laragon\\laragon\\www\\sungoods\\vendor\\laravel\\framework\\src\\Illuminate\\Routing\\ResponseFactory.php(87): Illuminate\\Routing\\ResponseFactory->make(Object(Illuminate\\View\\View), 404, Array)
#19 D:\\laragon\\laragon\\www\\sungoods\\vendor\\laravel\\framework\\src\\Illuminate\\Foundation\\Exceptions\\Handler.php(626): Illuminate\\Routing\\ResponseFactory->view('errors::404', Array, 404, Array)
#20 D:\\laragon\\laragon\\www\\sungoods\\vendor\\laravel\\framework\\src\\Illuminate\\Foundation\\Exceptions\\Handler.php(554): Illuminate\\Foundation\\Exceptions\\Handler->renderHttpException(Object(Symfony\\Component\\HttpKernel\\Exception\\NotFoundHttpException))
#21 D:\\laragon\\laragon\\www\\sungoods\\vendor\\laravel\\framework\\src\\Illuminate\\Foundation\\Exceptions\\Handler.php(460): Illuminate\\Foundation\\Exceptions\\Handler->prepareResponse(Object(Illuminate\\Http\\Request), Object(Symfony\\Component\\HttpKernel\\Exception\\NotFoundHttpException))
#22 D:\\laragon\\laragon\\www\\sungoods\\vendor\\laravel\\framework\\src\\Illuminate\\Foundation\\Exceptions\\Handler.php(377): Illuminate\\Foundation\\Exceptions\\Handler->renderExceptionResponse(Object(Illuminate\\Http\\Request), Object(Symfony\\Component\\HttpKernel\\Exception\\NotFoundHttpException))
#23 D:\\laragon\\laragon\\www\\sungoods\\vendor\\laravel\\framework\\src\\Illuminate\\Routing\\Pipeline.php(51): Illuminate\\Foundation\\Exceptions\\Handler->render(Object(Illuminate\\Http\\Request), Object(Symfony\\Component\\HttpKernel\\Exception\\NotFoundHttpException))
#24 D:\\laragon\\laragon\\www\\sungoods\\vendor\\laravel\\framework\\src\\Illuminate\\Pipeline\\Pipeline.php(143): Illuminate\\Routing\\Pipeline->handleException(Object(Illuminate\\Http\\Request), Object(Symfony\\Component\\HttpKernel\\Exception\\NotFoundHttpException))
#25 D:\\laragon\\laragon\\www\\sungoods\\vendor\\laravel\\framework\\src\\Illuminate\\Pipeline\\Pipeline.php(116): Illuminate\\Pipeline\\Pipeline->Illuminate\\Pipeline\\{closure}(Object(Illuminate\\Http\\Request))
#26 D:\\laragon\\laragon\\www\\sungoods\\vendor\\laravel\\framework\\src\\Illuminate\\Routing\\Router.php(797): Illuminate\\Pipeline\\Pipeline->then(Object(Closure))
#27 D:\\laragon\\laragon\\www\\sungoods\\vendor\\laravel\\framework\\src\\Illuminate\\Routing\\Router.php(776): Illuminate\\Routing\\Router->runRouteWithinStack(Object(Illuminate\\Routing\\Route), Object(Illuminate\\Http\\Request))
#28 D:\\laragon\\laragon\\www\\sungoods\\vendor\\laravel\\framework\\src\\Illuminate\\Routing\\Router.php(740): Illuminate\\Routing\\Router->runRoute(Object(Illuminate\\Http\\Request), Object(Illuminate\\Routing\\Route))
#29 D:\\laragon\\laragon\\www\\sungoods\\vendor\\laravel\\framework\\src\\Illuminate\\Routing\\Router.php(729): Illuminate\\Routing\\Router->dispatchToRoute(Object(Illuminate\\Http\\Request))
#30 D:\\laragon\\laragon\\www\\sungoods\\vendor\\laravel\\framework\\src\\Illuminate\\Foundation\\Http\\Kernel.php(190): Illuminate\\Routing\\Router->dispatch(Object(Illuminate\\Http\\Request))
#31 D:\\laragon\\laragon\\www\\sungoods\\vendor\\laravel\\framework\\src\\Illuminate\\Pipeline\\Pipeline.php(141): Illuminate\\Foundation\\Http\\Kernel->Illuminate\\Foundation\\Http\\{closure}(Object(Illuminate\\Http\\Request))
#32 D:\\laragon\\laragon\\www\\sungoods\\vendor\\barryvdh\\laravel-debugbar\\src\\Middleware\\InjectDebugbar.php(66): Illuminate\\Pipeline\\Pipeline->Illuminate\\Pipeline\\{closure}(Object(Illuminate\\Http\\Request))
#33 D:\\laragon\\laragon\\www\\sungoods\\vendor\\laravel\\framework\\src\\Illuminate\\Pipeline\\Pipeline.php(180): Barryvdh\\Debugbar\\Middleware\\InjectDebugbar->handle(Object(Illuminate\\Http\\Request), Object(Closure))
#34 D:\\laragon\\laragon\\www\\sungoods\\vendor\\laravel\\framework\\src\\Illuminate\\Foundation\\Http\\Middleware\\TransformsRequest.php(21): Illuminate\\Pipeline\\Pipeline->Illuminate\\Pipeline\\{closure}(Object(Illuminate\\Http\\Request))
#35 D:\\laragon\\laragon\\www\\sungoods\\vendor\\laravel\\framework\\src\\Illuminate\\Foundation\\Http\\Middleware\\ConvertEmptyStringsToNull.php(31): Illuminate\\Foundation\\Http\\Middleware\\TransformsRequest->handle(Object(Illuminate\\Http\\Request), Object(Closure))
#36 D:\\laragon\\laragon\\www\\sungoods\\vendor\\laravel\\framework\\src\\Illuminate\\Pipeline\\Pipeline.php(180): Illuminate\\Foundation\\Http\\Middleware\\ConvertEmptyStringsToNull->handle(Object(Illuminate\\Http\\Request), Object(Closure))
#37 D:\\laragon\\laragon\\www\\sungoods\\vendor\\laravel\\framework\\src\\Illuminate\\Foundation\\Http\\Middleware\\TransformsRequest.php(21): Illuminate\\Pipeline\\Pipeline->Illuminate\\Pipeline\\{closure}(Object(Illuminate\\Http\\Request))
#38 D:\\laragon\\laragon\\www\\sungoods\\vendor\\laravel\\framework\\src\\Illuminate\\Foundation\\Http\\Middleware\\TrimStrings.php(40): Illuminate\\Foundation\\Http\\Middleware\\TransformsRequest->handle(Object(Illuminate\\Http\\Request), Object(Closure))
#39 D:\\laragon\\laragon\\www\\sungoods\\vendor\\laravel\\framework\\src\\Illuminate\\Pipeline\\Pipeline.php(180): Illuminate\\Foundation\\Http\\Middleware\\TrimStrings->handle(Object(Illuminate\\Http\\Request), Object(Closure))
#40 D:\\laragon\\laragon\\www\\sungoods\\vendor\\laravel\\framework\\src\\Illuminate\\Foundation\\Http\\Middleware\\ValidatePostSize.php(27): Illuminate\\Pipeline\\Pipeline->Illuminate\\Pipeline\\{closure}(Object(Illuminate\\Http\\Request))
#41 D:\\laragon\\laragon\\www\\sungoods\\vendor\\laravel\\framework\\src\\Illuminate\\Pipeline\\Pipeline.php(180): Illuminate\\Foundation\\Http\\Middleware\\ValidatePostSize->handle(Object(Illuminate\\Http\\Request), Object(Closure))
#42 D:\\laragon\\laragon\\www\\sungoods\\vendor\\laravel\\framework\\src\\Illuminate\\Foundation\\Http\\Middleware\\PreventRequestsDuringMaintenance.php(86): Illuminate\\Pipeline\\Pipeline->Illuminate\\Pipeline\\{closure}(Object(Illuminate\\Http\\Request))
#43 D:\\laragon\\laragon\\www\\sungoods\\vendor\\laravel\\framework\\src\\Illuminate\\Pipeline\\Pipeline.php(180): Illuminate\\Foundation\\Http\\Middleware\\PreventRequestsDuringMaintenance->handle(Object(Illuminate\\Http\\Request), Object(Closure))
#44 D:\\laragon\\laragon\\www\\sungoods\\vendor\\laravel\\framework\\src\\Illuminate\\Http\\Middleware\\HandleCors.php(49): Illuminate\\Pipeline\\Pipeline->Illuminate\\Pipeline\\{closure}(Object(Illuminate\\Http\\Request))
#45 D:\\laragon\\laragon\\www\\sungoods\\vendor\\laravel\\framework\\src\\Illuminate\\Pipeline\\Pipeline.php(180): Illuminate\\Http\\Middleware\\HandleCors->handle(Object(Illuminate\\Http\\Request), Object(Closure))
#46 D:\\laragon\\laragon\\www\\sungoods\\vendor\\laravel\\framework\\src\\Illuminate\\Http\\Middleware\\TrustProxies.php(39): Illuminate\\Pipeline\\Pipeline->Illuminate\\Pipeline\\{closure}(Object(Illuminate\\Http\\Request))
#47 D:\\laragon\\laragon\\www\\sungoods\\vendor\\laravel\\framework\\src\\Illuminate\\Pipeline\\Pipeline.php(180): Illuminate\\Http\\Middleware\\TrustProxies->handle(Object(Illuminate\\Http\\Request), Object(Closure))
#48 D:\\laragon\\laragon\\www\\sungoods\\vendor\\laravel\\framework\\src\\Illuminate\\Pipeline\\Pipeline.php(116): Illuminate\\Pipeline\\Pipeline->Illuminate\\Pipeline\\{closure}(Object(Illuminate\\Http\\Request))
#49 D:\\laragon\\laragon\\www\\sungoods\\vendor\\laravel\\framework\\src\\Illuminate\\Foundation\\Http\\Kernel.php(165): Illuminate\\Pipeline\\Pipeline->then(Object(Closure))
#50 D:\\laragon\\laragon\\www\\sungoods\\vendor\\laravel\\framework\\src\\Illuminate\\Foundation\\Http\\Kernel.php(134): Illuminate\\Foundation\\Http\\Kernel->sendRequestThroughRouter(Object(Illuminate\\Http\\Request))
#51 D:\\laragon\\laragon\\www\\sungoods\\public\\index.php(51): Illuminate\\Foundation\\Http\\Kernel->handle(Object(Illuminate\\Http\\Request))
#52 {main}

[previous exception] [object] (PDOException(code: 1045): SQLSTATE[HY000] [1045] Access denied for user 'forge'@'localhost' (using password: YES) at D:\\laragon\\laragon\\www\\sungoods\\vendor\\laravel\\framework\\src\\Illuminate\\Database\\Connectors\\Connector.php:70)
[stacktrace]
#0 D:\\laragon\\laragon\\www\\sungoods\\vendor\\laravel\\framework\\src\\Illuminate\\Database\\Connectors\\Connector.php(70): PDO->__construct('mysql:host=127....', 'forge', Object(SensitiveParameterValue), Array)
#1 D:\\laragon\\laragon\\www\\sungoods\\vendor\\laravel\\framework\\src\\Illuminate\\Database\\Connectors\\Connector.php(45): Illuminate\\Database\\Connectors\\Connector->createPdoConnection('mysql:host=127....', 'forge', '', Array)
#2 D:\\laragon\\laragon\\www\\sungoods\\vendor\\laravel\\framework\\src\\Illuminate\\Database\\Connectors\\MySqlConnector.php(24): Illuminate\\Database\\Connectors\\Connector->createConnection('mysql:host=127....', Array, Array)
#3 D:\\laragon\\laragon\\www\\sungoods\\vendor\\laravel\\framework\\src\\Illuminate\\Database\\Connectors\\ConnectionFactory.php(184): Illuminate\\Database\\Connectors\\MySqlConnector->connect(Array)
#4 [internal function]: Illuminate\\Database\\Connectors\\ConnectionFactory->Illuminate\\Database\\Connectors\\{closure}()
#5 D:\\laragon\\laragon\\www\\sungoods\\vendor\\laravel\\framework\\src\\Illuminate\\Database\\Connection.php(1181): call_user_func(Object(Closure))
#6 D:\\laragon\\laragon\\www\\sungoods\\vendor\\laravel\\framework\\src\\Illuminate\\Database\\Connection.php(1217): Illuminate\\Database\\Connection->getPdo()
#7 D:\\laragon\\laragon\\www\\sungoods\\vendor\\laravel\\framework\\src\\Illuminate\\Database\\Connection.php(486): Illuminate\\Database\\Connection->getReadPdo()
#8 D:\\laragon\\laragon\\www\\sungoods\\vendor\\laravel\\framework\\src\\Illuminate\\Database\\Connection.php(414): Illuminate\\Database\\Connection->getPdoForSelect(true)
#9 D:\\laragon\\laragon\\www\\sungoods\\vendor\\laravel\\framework\\src\\Illuminate\\Database\\Connection.php(753): Illuminate\\Database\\Connection->Illuminate\\Database\\{closure}('select * from `...', Array)
#10 D:\\laragon\\laragon\\www\\sungoods\\vendor\\laravel\\framework\\src\\Illuminate\\Database\\Connection.php(720): Illuminate\\Database\\Connection->runQueryCallback('select * from `...', Array, Object(Closure))
#11 D:\\laragon\\laragon\\www\\sungoods\\vendor\\laravel\\framework\\src\\Illuminate\\Database\\Connection.php(405): Illuminate\\Database\\Connection->run('select * from `...', Array, Object(Closure))
#12 D:\\laragon\\laragon\\www\\sungoods\\vendor\\laravel\\framework\\src\\Illuminate\\Database\\Query\\Builder.php(2705): Illuminate\\Database\\Connection->select('select * from `...', Array, true)
#13 D:\\laragon\\laragon\\www\\sungoods\\vendor\\laravel\\framework\\src\\Illuminate\\Database\\Query\\Builder.php(2694): Illuminate\\Database\\Query\\Builder->runSelect()
#14 D:\\laragon\\laragon\\www\\sungoods\\vendor\\laravel\\framework\\src\\Illuminate\\Database\\Query\\Builder.php(3230): Illuminate\\Database\\Query\\Builder->Illuminate\\Database\\Query\\{closure}()
#15 D:\\laragon\\laragon\\www\\sungoods\\vendor\\laravel\\framework\\src\\Illuminate\\Database\\Query\\Builder.php(2693): Illuminate\\Database\\Query\\Builder->onceWithColumns(Array, Object(Closure))
#16 D:\\laragon\\laragon\\www\\sungoods\\vendor\\laravel\\framework\\src\\Illuminate\\Database\\Eloquent\\Builder.php(710): Illuminate\\Database\\Query\\Builder->get(Array)
#17 D:\\laragon\\laragon\\www\\sungoods\\vendor\\laravel\\framework\\src\\Illuminate\\Database\\Eloquent\\Builder.php(694): Illuminate\\Database\\Eloquent\\Builder->getModels(Array)
#18 D:\\laragon\\laragon\\www\\sungoods\\app\\Providers\\AppServiceProvider.php(40): Illuminate\\Database\\Eloquent\\Builder->get()
#19 D:\\laragon\\laragon\\www\\sungoods\\vendor\\laravel\\framework\\src\\Illuminate\\View\\Concerns\\ManagesEvents.php(162): App\\Providers\\AppServiceProvider->App\\Providers\\{closure}(Object(Illuminate\\View\\View))
#20 D:\\laragon\\laragon\\www\\sungoods\\vendor\\laravel\\framework\\src\\Illuminate\\Events\\Dispatcher.php(418): Illuminate\\View\\Factory->Illuminate\\View\\Concerns\\{closure}('composing: erro...', Array)
#21 D:\\laragon\\laragon\\www\\sungoods\\vendor\\laravel\\framework\\src\\Illuminate\\Events\\Dispatcher.php(249): Illuminate\\Events\\Dispatcher->Illuminate\\Events\\{closure}('composing: erro...', Array)
#22 D:\\laragon\\laragon\\www\\sungoods\\vendor\\laravel\\framework\\src\\Illuminate\\View\\Concerns\\ManagesEvents.php(177): Illuminate\\Events\\Dispatcher->dispatch('composing: erro...', Array)
#23 D:\\laragon\\laragon\\www\\sungoods\\vendor\\laravel\\framework\\src\\Illuminate\\View\\View.php(176): Illuminate\\View\\Factory->callComposer(Object(Illuminate\\View\\View))
#24 D:\\laragon\\laragon\\www\\sungoods\\vendor\\laravel\\framework\\src\\Illuminate\\View\\View.php(147): Illuminate\\View\\View->renderContents()
#25 D:\\laragon\\laragon\\www\\sungoods\\vendor\\laravel\\framework\\src\\Illuminate\\Http\\Response.php(69): Illuminate\\View\\View->render()
#26 D:\\laragon\\laragon\\www\\sungoods\\vendor\\laravel\\framework\\src\\Illuminate\\Http\\Response.php(35): Illuminate\\Http\\Response->setContent(Object(Illuminate\\View\\View))
#27 D:\\laragon\\laragon\\www\\sungoods\\vendor\\laravel\\framework\\src\\Illuminate\\Routing\\ResponseFactory.php(57): Illuminate\\Http\\Response->__construct(Object(Illuminate\\View\\View), 404, Array)
#28 D:\\laragon\\laragon\\www\\sungoods\\vendor\\laravel\\framework\\src\\Illuminate\\Routing\\ResponseFactory.php(87): Illuminate\\Routing\\ResponseFactory->make(Object(Illuminate\\View\\View), 404, Array)
#29 D:\\laragon\\laragon\\www\\sungoods\\vendor\\laravel\\framework\\src\\Illuminate\\Foundation\\Exceptions\\Handler.php(626): Illuminate\\Routing\\ResponseFactory->view('errors::404', Array, 404, Array)
#30 D:\\laragon\\laragon\\www\\sungoods\\vendor\\laravel\\framework\\src\\Illuminate\\Foundation\\Exceptions\\Handler.php(554): Illuminate\\Foundation\\Exceptions\\Handler->renderHttpException(Object(Symfony\\Component\\HttpKernel\\Exception\\NotFoundHttpException))
#31 D:\\laragon\\laragon\\www\\sungoods\\vendor\\laravel\\framework\\src\\Illuminate\\Foundation\\Exceptions\\Handler.php(460): Illuminate\\Foundation\\Exceptions\\Handler->prepareResponse(Object(Illuminate\\Http\\Request), Object(Symfony\\Component\\HttpKernel\\Exception\\NotFoundHttpException))
#32 D:\\laragon\\laragon\\www\\sungoods\\vendor\\laravel\\framework\\src\\Illuminate\\Foundation\\Exceptions\\Handler.php(377): Illuminate\\Foundation\\Exceptions\\Handler->renderExceptionResponse(Object(Illuminate\\Http\\Request), Object(Symfony\\Component\\HttpKernel\\Exception\\NotFoundHttpException))
#33 D:\\laragon\\laragon\\www\\sungoods\\vendor\\laravel\\framework\\src\\Illuminate\\Routing\\Pipeline.php(51): Illuminate\\Foundation\\Exceptions\\Handler->render(Object(Illuminate\\Http\\Request), Object(Symfony\\Component\\HttpKernel\\Exception\\NotFoundHttpException))
#34 D:\\laragon\\laragon\\www\\sungoods\\vendor\\laravel\\framework\\src\\Illuminate\\Pipeline\\Pipeline.php(143): Illuminate\\Routing\\Pipeline->handleException(Object(Illuminate\\Http\\Request), Object(Symfony\\Component\\HttpKernel\\Exception\\NotFoundHttpException))
#35 D:\\laragon\\laragon\\www\\sungoods\\vendor\\laravel\\framework\\src\\Illuminate\\Pipeline\\Pipeline.php(116): Illuminate\\Pipeline\\Pipeline->Illuminate\\Pipeline\\{closure}(Object(Illuminate\\Http\\Request))
#36 D:\\laragon\\laragon\\www\\sungoods\\vendor\\laravel\\framework\\src\\Illuminate\\Routing\\Router.php(797): Illuminate\\Pipeline\\Pipeline->then(Object(Closure))
#37 D:\\laragon\\laragon\\www\\sungoods\\vendor\\laravel\\framework\\src\\Illuminate\\Routing\\Router.php(776): Illuminate\\Routing\\Router->runRouteWithinStack(Object(Illuminate\\Routing\\Route), Object(Illuminate\\Http\\Request))
#38 D:\\laragon\\laragon\\www\\sungoods\\vendor\\laravel\\framework\\src\\Illuminate\\Routing\\Router.php(740): Illuminate\\Routing\\Router->runRoute(Object(Illuminate\\Http\\Request), Object(Illuminate\\Routing\\Route))
#39 D:\\laragon\\laragon\\www\\sungoods\\vendor\\laravel\\framework\\src\\Illuminate\\Routing\\Router.php(729): Illuminate\\Routing\\Router->dispatchToRoute(Object(Illuminate\\Http\\Request))
#40 D:\\laragon\\laragon\\www\\sungoods\\vendor\\laravel\\framework\\src\\Illuminate\\Foundation\\Http\\Kernel.php(190): Illuminate\\Routing\\Router->dispatch(Object(Illuminate\\Http\\Request))
#41 D:\\laragon\\laragon\\www\\sungoods\\vendor\\laravel\\framework\\src\\Illuminate\\Pipeline\\Pipeline.php(141): Illuminate\\Foundation\\Http\\Kernel->Illuminate\\Foundation\\Http\\{closure}(Object(Illuminate\\Http\\Request))
#42 D:\\laragon\\laragon\\www\\sungoods\\vendor\\barryvdh\\laravel-debugbar\\src\\Middleware\\InjectDebugbar.php(66): Illuminate\\Pipeline\\Pipeline->Illuminate\\Pipeline\\{closure}(Object(Illuminate\\Http\\Request))
#43 D:\\laragon\\laragon\\www\\sungoods\\vendor\\laravel\\framework\\src\\Illuminate\\Pipeline\\Pipeline.php(180): Barryvdh\\Debugbar\\Middleware\\InjectDebugbar->handle(Object(Illuminate\\Http\\Request), Object(Closure))
#44 D:\\laragon\\laragon\\www\\sungoods\\vendor\\laravel\\framework\\src\\Illuminate\\Foundation\\Http\\Middleware\\TransformsRequest.php(21): Illuminate\\Pipeline\\Pipeline->Illuminate\\Pipeline\\{closure}(Object(Illuminate\\Http\\Request))
#45 D:\\laragon\\laragon\\www\\sungoods\\vendor\\laravel\\framework\\src\\Illuminate\\Foundation\\Http\\Middleware\\ConvertEmptyStringsToNull.php(31): Illuminate\\Foundation\\Http\\Middleware\\TransformsRequest->handle(Object(Illuminate\\Http\\Request), Object(Closure))
#46 D:\\laragon\\laragon\\www\\sungoods\\vendor\\laravel\\framework\\src\\Illuminate\\Pipeline\\Pipeline.php(180): Illuminate\\Foundation\\Http\\Middleware\\ConvertEmptyStringsToNull->handle(Object(Illuminate\\Http\\Request), Object(Closure))
#47 D:\\laragon\\laragon\\www\\sungoods\\vendor\\laravel\\framework\\src\\Illuminate\\Foundation\\Http\\Middleware\\TransformsRequest.php(21): Illuminate\\Pipeline\\Pipeline->Illuminate\\Pipeline\\{closure}(Object(Illuminate\\Http\\Request))
#48 D:\\laragon\\laragon\\www\\sungoods\\vendor\\laravel\\framework\\src\\Illuminate\\Foundation\\Http\\Middleware\\TrimStrings.php(40): Illuminate\\Foundation\\Http\\Middleware\\TransformsRequest->handle(Object(Illuminate\\Http\\Request), Object(Closure))
#49 D:\\laragon\\laragon\\www\\sungoods\\vendor\\laravel\\framework\\src\\Illuminate\\Pipeline\\Pipeline.php(180): Illuminate\\Foundation\\Http\\Middleware\\TrimStrings->handle(Object(Illuminate\\Http\\Request), Object(Closure))
#50 D:\\laragon\\laragon\\www\\sungoods\\vendor\\laravel\\framework\\src\\Illuminate\\Foundation\\Http\\Middleware\\ValidatePostSize.php(27): Illuminate\\Pipeline\\Pipeline->Illuminate\\Pipeline\\{closure}(Object(Illuminate\\Http\\Request))
#51 D:\\laragon\\laragon\\www\\sungoods\\vendor\\laravel\\framework\\src\\Illuminate\\Pipeline\\Pipeline.php(180): Illuminate\\Foundation\\Http\\Middleware\\ValidatePostSize->handle(Object(Illuminate\\Http\\Request), Object(Closure))
#52 D:\\laragon\\laragon\\www\\sungoods\\vendor\\laravel\\framework\\src\\Illuminate\\Foundation\\Http\\Middleware\\PreventRequestsDuringMaintenance.php(86): Illuminate\\Pipeline\\Pipeline->Illuminate\\Pipeline\\{closure}(Object(Illuminate\\Http\\Request))
#53 D:\\laragon\\laragon\\www\\sungoods\\vendor\\laravel\\framework\\src\\Illuminate\\Pipeline\\Pipeline.php(180): Illuminate\\Foundation\\Http\\Middleware\\PreventRequestsDuringMaintenance->handle(Object(Illuminate\\Http\\Request), Object(Closure))
#54 D:\\laragon\\laragon\\www\\sungoods\\vendor\\laravel\\framework\\src\\Illuminate\\Http\\Middleware\\HandleCors.php(49): Illuminate\\Pipeline\\Pipeline->Illuminate\\Pipeline\\{closure}(Object(Illuminate\\Http\\Request))
#55 D:\\laragon\\laragon\\www\\sungoods\\vendor\\laravel\\framework\\src\\Illuminate\\Pipeline\\Pipeline.php(180): Illuminate\\Http\\Middleware\\HandleCors->handle(Object(Illuminate\\Http\\Request), Object(Closure))
#56 D:\\laragon\\laragon\\www\\sungoods\\vendor\\laravel\\framework\\src\\Illuminate\\Http\\Middleware\\TrustProxies.php(39): Illuminate\\Pipeline\\Pipeline->Illuminate\\Pipeline\\{closure}(Object(Illuminate\\Http\\Request))
#57 D:\\laragon\\laragon\\www\\sungoods\\vendor\\laravel\\framework\\src\\Illuminate\\Pipeline\\Pipeline.php(180): Illuminate\\Http\\Middleware\\TrustProxies->handle(Object(Illuminate\\Http\\Request), Object(Closure))
#58 D:\\laragon\\laragon\\www\\sungoods\\vendor\\laravel\\framework\\src\\Illuminate\\Pipeline\\Pipeline.php(116): Illuminate\\Pipeline\\Pipeline->Illuminate\\Pipeline\\{closure}(Object(Illuminate\\Http\\Request))
#59 D:\\laragon\\laragon\\www\\sungoods\\vendor\\laravel\\framework\\src\\Illuminate\\Foundation\\Http\\Kernel.php(165): Illuminate\\Pipeline\\Pipeline->then(Object(Closure))
#60 D:\\laragon\\laragon\\www\\sungoods\\vendor\\laravel\\framework\\src\\Illuminate\\Foundation\\Http\\Kernel.php(134): Illuminate\\Foundation\\Http\\Kernel->sendRequestThroughRouter(Object(Illuminate\\Http\\Request))
#61 D:\\laragon\\laragon\\www\\sungoods\\public\\index.php(51): Illuminate\\Foundation\\Http\\Kernel->handle(Object(Illuminate\\Http\\Request))
#62 {main}
"} 
[2026-04-22 07:48:11] production.ERROR: SQLSTATE[HY000] [1045] Access denied for user 'forge'@'localhost' (using password: YES) (SQL: select * from `menus` where `active` = 1 and `type` = header_menu order by `drag_id` asc, `created_at` desc) {"exception":"[object] (Illuminate\\Database\\QueryException(code: 1045): SQLSTATE[HY000] [1045] Access denied for user 'forge'@'localhost' (using password: YES) (SQL: select * from `menus` where `active` = 1 and `type` = header_menu order by `drag_id` asc, `created_at` desc) at D:\\laragon\\laragon\\www\\sungoods\\vendor\\laravel\\framework\\src\\Illuminate\\Database\\Connection.php:760)
[stacktrace]
#0 D:\\laragon\\laragon\\www\\sungoods\\vendor\\laravel\\framework\\src\\Illuminate\\Database\\Connection.php(720): Illuminate\\Database\\Connection->runQueryCallback('select * from `...', Array, Object(Closure))
#1 D:\\laragon\\laragon\\www\\sungoods\\vendor\\laravel\\framework\\src\\Illuminate\\Database\\Connection.php(405): Illuminate\\Database\\Connection->run('select * from `...', Array, Object(Closure))
#2 D:\\laragon\\laragon\\www\\sungoods\\vendor\\laravel\\framework\\src\\Illuminate\\Database\\Query\\Builder.php(2705): Illuminate\\Database\\Connection->select('select * from `...', Array, true)
#3 D:\\laragon\\laragon\\www\\sungoods\\vendor\\laravel\\framework\\src\\Illuminate\\Database\\Query\\Builder.php(2694): Illuminate\\Database\\Query\\Builder->runSelect()
#4 D:\\laragon\\laragon\\www\\sungoods\\vendor\\laravel\\framework\\src\\Illuminate\\Database\\Query\\Builder.php(3230): Illuminate\\Database\\Query\\Builder->Illuminate\\Database\\Query\\{closure}()
#5 D:\\laragon\\laragon\\www\\sungoods\\vendor\\laravel\\framework\\src\\Illuminate\\Database\\Query\\Builder.php(2693): Illuminate\\Database\\Query\\Builder->onceWithColumns(Array, Object(Closure))
#6 D:\\laragon\\laragon\\www\\sungoods\\vendor\\laravel\\framework\\src\\Illuminate\\Database\\Eloquent\\Builder.php(710): Illuminate\\Database\\Query\\Builder->get(Array)
#7 D:\\laragon\\laragon\\www\\sungoods\\vendor\\laravel\\framework\\src\\Illuminate\\Database\\Eloquent\\Builder.php(694): Illuminate\\Database\\Eloquent\\Builder->getModels(Array)
#8 D:\\laragon\\laragon\\www\\sungoods\\app\\Providers\\AppServiceProvider.php(40): Illuminate\\Database\\Eloquent\\Builder->get()
#9 D:\\laragon\\laragon\\www\\sungoods\\vendor\\laravel\\framework\\src\\Illuminate\\View\\Concerns\\ManagesEvents.php(162): App\\Providers\\AppServiceProvider->App\\Providers\\{closure}(Object(Illuminate\\View\\View))
#10 D:\\laragon\\laragon\\www\\sungoods\\vendor\\laravel\\framework\\src\\Illuminate\\Events\\Dispatcher.php(418): Illuminate\\View\\Factory->Illuminate\\View\\Concerns\\{closure}('composing: erro...', Array)
#11 D:\\laragon\\laragon\\www\\sungoods\\vendor\\laravel\\framework\\src\\Illuminate\\Events\\Dispatcher.php(249): Illuminate\\Events\\Dispatcher->Illuminate\\Events\\{closure}('composing: erro...', Array)
#12 D:\\laragon\\laragon\\www\\sungoods\\vendor\\laravel\\framework\\src\\Illuminate\\View\\Concerns\\ManagesEvents.php(177): Illuminate\\Events\\Dispatcher->dispatch('composing: erro...', Array)
#13 D:\\laragon\\laragon\\www\\sungoods\\vendor\\laravel\\framework\\src\\Illuminate\\View\\View.php(176): Illuminate\\View\\Factory->callComposer(Object(Illuminate\\View\\View))
#14 D:\\laragon\\laragon\\www\\sungoods\\vendor\\laravel\\framework\\src\\Illuminate\\View\\View.php(147): Illuminate\\View\\View->renderContents()
#15 D:\\laragon\\laragon\\www\\sungoods\\vendor\\laravel\\framework\\src\\Illuminate\\Http\\Response.php(69): Illuminate\\View\\View->render()
#16 D:\\laragon\\laragon\\www\\sungoods\\vendor\\laravel\\framework\\src\\Illuminate\\Http\\Response.php(35): Illuminate\\Http\\Response->setContent(Object(Illuminate\\View\\View))
#17 D:\\laragon\\laragon\\www\\sungoods\\vendor\\laravel\\framework\\src\\Illuminate\\Routing\\ResponseFactory.php(57): Illuminate\\Http\\Response->__construct(Object(Illuminate\\View\\View), 404, Array)
#18 D:\\laragon\\laragon\\www\\sungoods\\vendor\\laravel\\framework\\src\\Illuminate\\Routing\\ResponseFactory.php(87): Illuminate\\Routing\\ResponseFactory->make(Object(Illuminate\\View\\View), 404, Array)
#19 D:\\laragon\\laragon\\www\\sungoods\\vendor\\laravel\\framework\\src\\Illuminate\\Foundation\\Exceptions\\Handler.php(626): Illuminate\\Routing\\ResponseFactory->view('errors::404', Array, 404, Array)
#20 D:\\laragon\\laragon\\www\\sungoods\\vendor\\laravel\\framework\\src\\Illuminate\\Foundation\\Exceptions\\Handler.php(554): Illuminate\\Foundation\\Exceptions\\Handler->renderHttpException(Object(Symfony\\Component\\HttpKernel\\Exception\\NotFoundHttpException))
#21 D:\\laragon\\laragon\\www\\sungoods\\vendor\\laravel\\framework\\src\\Illuminate\\Foundation\\Exceptions\\Handler.php(460): Illuminate\\Foundation\\Exceptions\\Handler->prepareResponse(Object(Illuminate\\Http\\Request), Object(Symfony\\Component\\HttpKernel\\Exception\\NotFoundHttpException))
#22 D:\\laragon\\laragon\\www\\sungoods\\vendor\\laravel\\framework\\src\\Illuminate\\Foundation\\Exceptions\\Handler.php(377): Illuminate\\Foundation\\Exceptions\\Handler->renderExceptionResponse(Object(Illuminate\\Http\\Request), Object(Symfony\\Component\\HttpKernel\\Exception\\NotFoundHttpException))
#23 D:\\laragon\\laragon\\www\\sungoods\\vendor\\laravel\\framework\\src\\Illuminate\\Routing\\Pipeline.php(51): Illuminate\\Foundation\\Exceptions\\Handler->render(Object(Illuminate\\Http\\Request), Object(Symfony\\Component\\HttpKernel\\Exception\\NotFoundHttpException))
#24 D:\\laragon\\laragon\\www\\sungoods\\vendor\\laravel\\framework\\src\\Illuminate\\Pipeline\\Pipeline.php(143): Illuminate\\Routing\\Pipeline->handleException(Object(Illuminate\\Http\\Request), Object(Symfony\\Component\\HttpKernel\\Exception\\NotFoundHttpException))
#25 D:\\laragon\\laragon\\www\\sungoods\\vendor\\laravel\\framework\\src\\Illuminate\\Pipeline\\Pipeline.php(116): Illuminate\\Pipeline\\Pipeline->Illuminate\\Pipeline\\{closure}(Object(Illuminate\\Http\\Request))
#26 D:\\laragon\\laragon\\www\\sungoods\\vendor\\laravel\\framework\\src\\Illuminate\\Routing\\Router.php(797): Illuminate\\Pipeline\\Pipeline->then(Object(Closure))
#27 D:\\laragon\\laragon\\www\\sungoods\\vendor\\laravel\\framework\\src\\Illuminate\\Routing\\Router.php(776): Illuminate\\Routing\\Router->runRouteWithinStack(Object(Illuminate\\Routing\\Route), Object(Illuminate\\Http\\Request))
#28 D:\\laragon\\laragon\\www\\sungoods\\vendor\\laravel\\framework\\src\\Illuminate\\Routing\\Router.php(740): Illuminate\\Routing\\Router->runRoute(Object(Illuminate\\Http\\Request), Object(Illuminate\\Routing\\Route))
#29 D:\\laragon\\laragon\\www\\sungoods\\vendor\\laravel\\framework\\src\\Illuminate\\Routing\\Router.php(729): Illuminate\\Routing\\Router->dispatchToRoute(Object(Illuminate\\Http\\Request))
#30 D:\\laragon\\laragon\\www\\sungoods\\vendor\\laravel\\framework\\src\\Illuminate\\Foundation\\Http\\Kernel.php(190): Illuminate\\Routing\\Router->dispatch(Object(Illuminate\\Http\\Request))
#31 D:\\laragon\\laragon\\www\\sungoods\\vendor\\laravel\\framework\\src\\Illuminate\\Pipeline\\Pipeline.php(141): Illuminate\\Foundation\\Http\\Kernel->Illuminate\\Foundation\\Http\\{closure}(Object(Illuminate\\Http\\Request))
#32 D:\\laragon\\laragon\\www\\sungoods\\vendor\\barryvdh\\laravel-debugbar\\src\\Middleware\\InjectDebugbar.php(59): Illuminate\\Pipeline\\Pipeline->Illuminate\\Pipeline\\{closure}(Object(Illuminate\\Http\\Request))
#33 D:\\laragon\\laragon\\www\\sungoods\\vendor\\laravel\\framework\\src\\Illuminate\\Pipeline\\Pipeline.php(180): Barryvdh\\Debugbar\\Middleware\\InjectDebugbar->handle(Object(Illuminate\\Http\\Request), Object(Closure))
#34 D:\\laragon\\laragon\\www\\sungoods\\vendor\\laravel\\framework\\src\\Illuminate\\Foundation\\Http\\Middleware\\TransformsRequest.php(21): Illuminate\\Pipeline\\Pipeline->Illuminate\\Pipeline\\{closure}(Object(Illuminate\\Http\\Request))
#35 D:\\laragon\\laragon\\www\\sungoods\\vendor\\laravel\\framework\\src\\Illuminate\\Foundation\\Http\\Middleware\\ConvertEmptyStringsToNull.php(31): Illuminate\\Foundation\\Http\\Middleware\\TransformsRequest->handle(Object(Illuminate\\Http\\Request), Object(Closure))
#36 D:\\laragon\\laragon\\www\\sungoods\\vendor\\laravel\\framework\\src\\Illuminate\\Pipeline\\Pipeline.php(180): Illuminate\\Foundation\\Http\\Middleware\\ConvertEmptyStringsToNull->handle(Object(Illuminate\\Http\\Request), Object(Closure))
#37 D:\\laragon\\laragon\\www\\sungoods\\vendor\\laravel\\framework\\src\\Illuminate\\Foundation\\Http\\Middleware\\TransformsRequest.php(21): Illuminate\\Pipeline\\Pipeline->Illuminate\\Pipeline\\{closure}(Object(Illuminate\\Http\\Request))
#38 D:\\laragon\\laragon\\www\\sungoods\\vendor\\laravel\\framework\\src\\Illuminate\\Foundation\\Http\\Middleware\\TrimStrings.php(40): Illuminate\\Foundation\\Http\\Middleware\\TransformsRequest->handle(Object(Illuminate\\Http\\Request), Object(Closure))
#39 D:\\laragon\\laragon\\www\\sungoods\\vendor\\laravel\\framework\\src\\Illuminate\\Pipeline\\Pipeline.php(180): Illuminate\\Foundation\\Http\\Middleware\\TrimStrings->handle(Object(Illuminate\\Http\\Request), Object(Closure))
#40 D:\\laragon\\laragon\\www\\sungoods\\vendor\\laravel\\framework\\src\\Illuminate\\Foundation\\Http\\Middleware\\ValidatePostSize.php(27): Illuminate\\Pipeline\\Pipeline->Illuminate\\Pipeline\\{closure}(Object(Illuminate\\Http\\Request))
#41 D:\\laragon\\laragon\\www\\sungoods\\vendor\\laravel\\framework\\src\\Illuminate\\Pipeline\\Pipeline.php(180): Illuminate\\Foundation\\Http\\Middleware\\ValidatePostSize->handle(Object(Illuminate\\Http\\Request), Object(Closure))
#42 D:\\laragon\\laragon\\www\\sungoods\\vendor\\laravel\\framework\\src\\Illuminate\\Foundation\\Http\\Middleware\\PreventRequestsDuringMaintenance.php(86): Illuminate\\Pipeline\\Pipeline->Illuminate\\Pipeline\\{closure}(Object(Illuminate\\Http\\Request))
#43 D:\\laragon\\laragon\\www\\sungoods\\vendor\\laravel\\framework\\src\\Illuminate\\Pipeline\\Pipeline.php(180): Illuminate\\Foundation\\Http\\Middleware\\PreventRequestsDuringMaintenance->handle(Object(Illuminate\\Http\\Request), Object(Closure))
#44 D:\\laragon\\laragon\\www\\sungoods\\vendor\\laravel\\framework\\src\\Illuminate\\Http\\Middleware\\HandleCors.php(49): Illuminate\\Pipeline\\Pipeline->Illuminate\\Pipeline\\{closure}(Object(Illuminate\\Http\\Request))
#45 D:\\laragon\\laragon\\www\\sungoods\\vendor\\laravel\\framework\\src\\Illuminate\\Pipeline\\Pipeline.php(180): Illuminate\\Http\\Middleware\\HandleCors->handle(Object(Illuminate\\Http\\Request), Object(Closure))
#46 D:\\laragon\\laragon\\www\\sungoods\\vendor\\laravel\\framework\\src\\Illuminate\\Http\\Middleware\\TrustProxies.php(39): Illuminate\\Pipeline\\Pipeline->Illuminate\\Pipeline\\{closure}(Object(Illuminate\\Http\\Request))
#47 D:\\laragon\\laragon\\www\\sungoods\\vendor\\laravel\\framework\\src\\Illuminate\\Pipeline\\Pipeline.php(180): Illuminate\\Http\\Middleware\\TrustProxies->handle(Object(Illuminate\\Http\\Request), Object(Closure))
#48 D:\\laragon\\laragon\\www\\sungoods\\vendor\\laravel\\framework\\src\\Illuminate\\Pipeline\\Pipeline.php(116): Illuminate\\Pipeline\\Pipeline->Illuminate\\Pipeline\\{closure}(Object(Illuminate\\Http\\Request))
#49 D:\\laragon\\laragon\\www\\sungoods\\vendor\\laravel\\framework\\src\\Illuminate\\Foundation\\Http\\Kernel.php(165): Illuminate\\Pipeline\\Pipeline->then(Object(Closure))
#50 D:\\laragon\\laragon\\www\\sungoods\\vendor\\laravel\\framework\\src\\Illuminate\\Foundation\\Http\\Kernel.php(134): Illuminate\\Foundation\\Http\\Kernel->sendRequestThroughRouter(Object(Illuminate\\Http\\Request))
#51 D:\\laragon\\laragon\\www\\sungoods\\public\\index.php(51): Illuminate\\Foundation\\Http\\Kernel->handle(Object(Illuminate\\Http\\Request))
#52 {main}

[previous exception] [object] (PDOException(code: 1045): SQLSTATE[HY000] [1045] Access denied for user 'forge'@'localhost' (using password: YES) at D:\\laragon\\laragon\\www\\sungoods\\vendor\\laravel\\framework\\src\\Illuminate\\Database\\Connectors\\Connector.php:70)
[stacktrace]
#0 D:\\laragon\\laragon\\www\\sungoods\\vendor\\laravel\\framework\\src\\Illuminate\\Database\\Connectors\\Connector.php(70): PDO->__construct('mysql:host=127....', 'forge', Object(SensitiveParameterValue), Array)
#1 D:\\laragon\\laragon\\www\\sungoods\\vendor\\laravel\\framework\\src\\Illuminate\\Database\\Connectors\\Connector.php(45): Illuminate\\Database\\Connectors\\Connector->createPdoConnection('mysql:host=127....', 'forge', '', Array)
#2 D:\\laragon\\laragon\\www\\sungoods\\vendor\\laravel\\framework\\src\\Illuminate\\Database\\Connectors\\MySqlConnector.php(24): Illuminate\\Database\\Connectors\\Connector->createConnection('mysql:host=127....', Array, Array)
#3 D:\\laragon\\laragon\\www\\sungoods\\vendor\\laravel\\framework\\src\\Illuminate\\Database\\Connectors\\ConnectionFactory.php(184): Illuminate\\Database\\Connectors\\MySqlConnector->connect(Array)
#4 [internal function]: Illuminate\\Database\\Connectors\\ConnectionFactory->Illuminate\\Database\\Connectors\\{closure}()
#5 D:\\laragon\\laragon\\www\\sungoods\\vendor\\laravel\\framework\\src\\Illuminate\\Database\\Connection.php(1181): call_user_func(Object(Closure))
#6 D:\\laragon\\laragon\\www\\sungoods\\vendor\\laravel\\framework\\src\\Illuminate\\Database\\Connection.php(1217): Illuminate\\Database\\Connection->getPdo()
#7 D:\\laragon\\laragon\\www\\sungoods\\vendor\\laravel\\framework\\src\\Illuminate\\Database\\Connection.php(486): Illuminate\\Database\\Connection->getReadPdo()
#8 D:\\laragon\\laragon\\www\\sungoods\\vendor\\laravel\\framework\\src\\Illuminate\\Database\\Connection.php(414): Illuminate\\Database\\Connection->getPdoForSelect(true)
#9 D:\\laragon\\laragon\\www\\sungoods\\vendor\\laravel\\framework\\src\\Illuminate\\Database\\Connection.php(753): Illuminate\\Database\\Connection->Illuminate\\Database\\{closure}('select * from `...', Array)
#10 D:\\laragon\\laragon\\www\\sungoods\\vendor\\laravel\\framework\\src\\Illuminate\\Database\\Connection.php(720): Illuminate\\Database\\Connection->runQueryCallback('select * from `...', Array, Object(Closure))
#11 D:\\laragon\\laragon\\www\\sungoods\\vendor\\laravel\\framework\\src\\Illuminate\\Database\\Connection.php(405): Illuminate\\Database\\Connection->run('select * from `...', Array, Object(Closure))
#12 D:\\laragon\\laragon\\www\\sungoods\\vendor\\laravel\\framework\\src\\Illuminate\\Database\\Query\\Builder.php(2705): Illuminate\\Database\\Connection->select('select * from `...', Array, true)
#13 D:\\laragon\\laragon\\www\\sungoods\\vendor\\laravel\\framework\\src\\Illuminate\\Database\\Query\\Builder.php(2694): Illuminate\\Database\\Query\\Builder->runSelect()
#14 D:\\laragon\\laragon\\www\\sungoods\\vendor\\laravel\\framework\\src\\Illuminate\\Database\\Query\\Builder.php(3230): Illuminate\\Database\\Query\\Builder->Illuminate\\Database\\Query\\{closure}()
#15 D:\\laragon\\laragon\\www\\sungoods\\vendor\\laravel\\framework\\src\\Illuminate\\Database\\Query\\Builder.php(2693): Illuminate\\Database\\Query\\Builder->onceWithColumns(Array, Object(Closure))
#16 D:\\laragon\\laragon\\www\\sungoods\\vendor\\laravel\\framework\\src\\Illuminate\\Database\\Eloquent\\Builder.php(710): Illuminate\\Database\\Query\\Builder->get(Array)
#17 D:\\laragon\\laragon\\www\\sungoods\\vendor\\laravel\\framework\\src\\Illuminate\\Database\\Eloquent\\Builder.php(694): Illuminate\\Database\\Eloquent\\Builder->getModels(Array)
#18 D:\\laragon\\laragon\\www\\sungoods\\app\\Providers\\AppServiceProvider.php(40): Illuminate\\Database\\Eloquent\\Builder->get()
#19 D:\\laragon\\laragon\\www\\sungoods\\vendor\\laravel\\framework\\src\\Illuminate\\View\\Concerns\\ManagesEvents.php(162): App\\Providers\\AppServiceProvider->App\\Providers\\{closure}(Object(Illuminate\\View\\View))
#20 D:\\laragon\\laragon\\www\\sungoods\\vendor\\laravel\\framework\\src\\Illuminate\\Events\\Dispatcher.php(418): Illuminate\\View\\Factory->Illuminate\\View\\Concerns\\{closure}('composing: erro...', Array)
#21 D:\\laragon\\laragon\\www\\sungoods\\vendor\\laravel\\framework\\src\\Illuminate\\Events\\Dispatcher.php(249): Illuminate\\Events\\Dispatcher->Illuminate\\Events\\{closure}('composing: erro...', Array)
#22 D:\\laragon\\laragon\\www\\sungoods\\vendor\\laravel\\framework\\src\\Illuminate\\View\\Concerns\\ManagesEvents.php(177): Illuminate\\Events\\Dispatcher->dispatch('composing: erro...', Array)
#23 D:\\laragon\\laragon\\www\\sungoods\\vendor\\laravel\\framework\\src\\Illuminate\\View\\View.php(176): Illuminate\\View\\Factory->callComposer(Object(Illuminate\\View\\View))
#24 D:\\laragon\\laragon\\www\\sungoods\\vendor\\laravel\\framework\\src\\Illuminate\\View\\View.php(147): Illuminate\\View\\View->renderContents()
#25 D:\\laragon\\laragon\\www\\sungoods\\vendor\\laravel\\framework\\src\\Illuminate\\Http\\Response.php(69): Illuminate\\View\\View->render()
#26 D:\\laragon\\laragon\\www\\sungoods\\vendor\\laravel\\framework\\src\\Illuminate\\Http\\Response.php(35): Illuminate\\Http\\Response->setContent(Object(Illuminate\\View\\View))
#27 D:\\laragon\\laragon\\www\\sungoods\\vendor\\laravel\\framework\\src\\Illuminate\\Routing\\ResponseFactory.php(57): Illuminate\\Http\\Response->__construct(Object(Illuminate\\View\\View), 404, Array)
#28 D:\\laragon\\laragon\\www\\sungoods\\vendor\\laravel\\framework\\src\\Illuminate\\Routing\\ResponseFactory.php(87): Illuminate\\Routing\\ResponseFactory->make(Object(Illuminate\\View\\View), 404, Array)
#29 D:\\laragon\\laragon\\www\\sungoods\\vendor\\laravel\\framework\\src\\Illuminate\\Foundation\\Exceptions\\Handler.php(626): Illuminate\\Routing\\ResponseFactory->view('errors::404', Array, 404, Array)
#30 D:\\laragon\\laragon\\www\\sungoods\\vendor\\laravel\\framework\\src\\Illuminate\\Foundation\\Exceptions\\Handler.php(554): Illuminate\\Foundation\\Exceptions\\Handler->renderHttpException(Object(Symfony\\Component\\HttpKernel\\Exception\\NotFoundHttpException))
#31 D:\\laragon\\laragon\\www\\sungoods\\vendor\\laravel\\framework\\src\\Illuminate\\Foundation\\Exceptions\\Handler.php(460): Illuminate\\Foundation\\Exceptions\\Handler->prepareResponse(Object(Illuminate\\Http\\Request), Object(Symfony\\Component\\HttpKernel\\Exception\\NotFoundHttpException))
#32 D:\\laragon\\laragon\\www\\sungoods\\vendor\\laravel\\framework\\src\\Illuminate\\Foundation\\Exceptions\\Handler.php(377): Illuminate\\Foundation\\Exceptions\\Handler->renderExceptionResponse(Object(Illuminate\\Http\\Request), Object(Symfony\\Component\\HttpKernel\\Exception\\NotFoundHttpException))
#33 D:\\laragon\\laragon\\www\\sungoods\\vendor\\laravel\\framework\\src\\Illuminate\\Routing\\Pipeline.php(51): Illuminate\\Foundation\\Exceptions\\Handler->render(Object(Illuminate\\Http\\Request), Object(Symfony\\Component\\HttpKernel\\Exception\\NotFoundHttpException))
#34 D:\\laragon\\laragon\\www\\sungoods\\vendor\\laravel\\framework\\src\\Illuminate\\Pipeline\\Pipeline.php(143): Illuminate\\Routing\\Pipeline->handleException(Object(Illuminate\\Http\\Request), Object(Symfony\\Component\\HttpKernel\\Exception\\NotFoundHttpException))
#35 D:\\laragon\\laragon\\www\\sungoods\\vendor\\laravel\\framework\\src\\Illuminate\\Pipeline\\Pipeline.php(116): Illuminate\\Pipeline\\Pipeline->Illuminate\\Pipeline\\{closure}(Object(Illuminate\\Http\\Request))
#36 D:\\laragon\\laragon\\www\\sungoods\\vendor\\laravel\\framework\\src\\Illuminate\\Routing\\Router.php(797): Illuminate\\Pipeline\\Pipeline->then(Object(Closure))
#37 D:\\laragon\\laragon\\www\\sungoods\\vendor\\laravel\\framework\\src\\Illuminate\\Routing\\Router.php(776): Illuminate\\Routing\\Router->runRouteWithinStack(Object(Illuminate\\Routing\\Route), Object(Illuminate\\Http\\Request))
#38 D:\\laragon\\laragon\\www\\sungoods\\vendor\\laravel\\framework\\src\\Illuminate\\Routing\\Router.php(740): Illuminate\\Routing\\Router->runRoute(Object(Illuminate\\Http\\Request), Object(Illuminate\\Routing\\Route))
#39 D:\\laragon\\laragon\\www\\sungoods\\vendor\\laravel\\framework\\src\\Illuminate\\Routing\\Router.php(729): Illuminate\\Routing\\Router->dispatchToRoute(Object(Illuminate\\Http\\Request))
#40 D:\\laragon\\laragon\\www\\sungoods\\vendor\\laravel\\framework\\src\\Illuminate\\Foundation\\Http\\Kernel.php(190): Illuminate\\Routing\\Router->dispatch(Object(Illuminate\\Http\\Request))
#41 D:\\laragon\\laragon\\www\\sungoods\\vendor\\laravel\\framework\\src\\Illuminate\\Pipeline\\Pipeline.php(141): Illuminate\\Foundation\\Http\\Kernel->Illuminate\\Foundation\\Http\\{closure}(Object(Illuminate\\Http\\Request))
#42 D:\\laragon\\laragon\\www\\sungoods\\vendor\\barryvdh\\laravel-debugbar\\src\\Middleware\\InjectDebugbar.php(59): Illuminate\\Pipeline\\Pipeline->Illuminate\\Pipeline\\{closure}(Object(Illuminate\\Http\\Request))
#43 D:\\laragon\\laragon\\www\\sungoods\\vendor\\laravel\\framework\\src\\Illuminate\\Pipeline\\Pipeline.php(180): Barryvdh\\Debugbar\\Middleware\\InjectDebugbar->handle(Object(Illuminate\\Http\\Request), Object(Closure))
#44 D:\\laragon\\laragon\\www\\sungoods\\vendor\\laravel\\framework\\src\\Illuminate\\Foundation\\Http\\Middleware\\TransformsRequest.php(21): Illuminate\\Pipeline\\Pipeline->Illuminate\\Pipeline\\{closure}(Object(Illuminate\\Http\\Request))
#45 D:\\laragon\\laragon\\www\\sungoods\\vendor\\laravel\\framework\\src\\Illuminate\\Foundation\\Http\\Middleware\\ConvertEmptyStringsToNull.php(31): Illuminate\\Foundation\\Http\\Middleware\\TransformsRequest->handle(Object(Illuminate\\Http\\Request), Object(Closure))
#46 D:\\laragon\\laragon\\www\\sungoods\\vendor\\laravel\\framework\\src\\Illuminate\\Pipeline\\Pipeline.php(180): Illuminate\\Foundation\\Http\\Middleware\\ConvertEmptyStringsToNull->handle(Object(Illuminate\\Http\\Request), Object(Closure))
#47 D:\\laragon\\laragon\\www\\sungoods\\vendor\\laravel\\framework\\src\\Illuminate\\Foundation\\Http\\Middleware\\TransformsRequest.php(21): Illuminate\\Pipeline\\Pipeline->Illuminate\\Pipeline\\{closure}(Object(Illuminate\\Http\\Request))
#48 D:\\laragon\\laragon\\www\\sungoods\\vendor\\laravel\\framework\\src\\Illuminate\\Foundation\\Http\\Middleware\\TrimStrings.php(40): Illuminate\\Foundation\\Http\\Middleware\\TransformsRequest->handle(Object(Illuminate\\Http\\Request), Object(Closure))
#49 D:\\laragon\\laragon\\www\\sungoods\\vendor\\laravel\\framework\\src\\Illuminate\\Pipeline\\Pipeline.php(180): Illuminate\\Foundation\\Http\\Middleware\\TrimStrings->handle(Object(Illuminate\\Http\\Request), Object(Closure))
#50 D:\\laragon\\laragon\\www\\sungoods\\vendor\\laravel\\framework\\src\\Illuminate\\Foundation\\Http\\Middleware\\ValidatePostSize.php(27): Illuminate\\Pipeline\\Pipeline->Illuminate\\Pipeline\\{closure}(Object(Illuminate\\Http\\Request))
#51 D:\\laragon\\laragon\\www\\sungoods\\vendor\\laravel\\framework\\src\\Illuminate\\Pipeline\\Pipeline.php(180): Illuminate\\Foundation\\Http\\Middleware\\ValidatePostSize->handle(Object(Illuminate\\Http\\Request), Object(Closure))
#52 D:\\laragon\\laragon\\www\\sungoods\\vendor\\laravel\\framework\\src\\Illuminate\\Foundation\\Http\\Middleware\\PreventRequestsDuringMaintenance.php(86): Illuminate\\Pipeline\\Pipeline->Illuminate\\Pipeline\\{closure}(Object(Illuminate\\Http\\Request))
#53 D:\\laragon\\laragon\\www\\sungoods\\vendor\\laravel\\framework\\src\\Illuminate\\Pipeline\\Pipeline.php(180): Illuminate\\Foundation\\Http\\Middleware\\PreventRequestsDuringMaintenance->handle(Object(Illuminate\\Http\\Request), Object(Closure))
#54 D:\\laragon\\laragon\\www\\sungoods\\vendor\\laravel\\framework\\src\\Illuminate\\Http\\Middleware\\HandleCors.php(49): Illuminate\\Pipeline\\Pipeline->Illuminate\\Pipeline\\{closure}(Object(Illuminate\\Http\\Request))
#55 D:\\laragon\\laragon\\www\\sungoods\\vendor\\laravel\\framework\\src\\Illuminate\\Pipeline\\Pipeline.php(180): Illuminate\\Http\\Middleware\\HandleCors->handle(Object(Illuminate\\Http\\Request), Object(Closure))
#56 D:\\laragon\\laragon\\www\\sungoods\\vendor\\laravel\\framework\\src\\Illuminate\\Http\\Middleware\\TrustProxies.php(39): Illuminate\\Pipeline\\Pipeline->Illuminate\\Pipeline\\{closure}(Object(Illuminate\\Http\\Request))
#57 D:\\laragon\\laragon\\www\\sungoods\\vendor\\laravel\\framework\\src\\Illuminate\\Pipeline\\Pipeline.php(180): Illuminate\\Http\\Middleware\\TrustProxies->handle(Object(Illuminate\\Http\\Request), Object(Closure))
#58 D:\\laragon\\laragon\\www\\sungoods\\vendor\\laravel\\framework\\src\\Illuminate\\Pipeline\\Pipeline.php(116): Illuminate\\Pipeline\\Pipeline->Illuminate\\Pipeline\\{closure}(Object(Illuminate\\Http\\Request))
#59 D:\\laragon\\laragon\\www\\sungoods\\vendor\\laravel\\framework\\src\\Illuminate\\Foundation\\Http\\Kernel.php(165): Illuminate\\Pipeline\\Pipeline->then(Object(Closure))
#60 D:\\laragon\\laragon\\www\\sungoods\\vendor\\laravel\\framework\\src\\Illuminate\\Foundation\\Http\\Kernel.php(134): Illuminate\\Foundation\\Http\\Kernel->sendRequestThroughRouter(Object(Illuminate\\Http\\Request))
#61 D:\\laragon\\laragon\\www\\sungoods\\public\\index.php(51): Illuminate\\Foundation\\Http\\Kernel->handle(Object(Illuminate\\Http\\Request))
#62 {main}
"} 
[2026-04-22 07:48:11] production.ERROR: SQLSTATE[HY000] [1045] Access denied for user 'forge'@'localhost' (using password: YES) (SQL: select * from `menus` where `active` = 1 and `type` = header_menu order by `drag_id` asc, `created_at` desc) {"exception":"[object] (Illuminate\\Database\\QueryException(code: 1045): SQLSTATE[HY000] [1045] Access denied for user 'forge'@'localhost' (using password: YES) (SQL: select * from `menus` where `active` = 1 and `type` = header_menu order by `drag_id` asc, `created_at` desc) at D:\\laragon\\laragon\\www\\sungoods\\vendor\\laravel\\framework\\src\\Illuminate\\Database\\Connection.php:760)
[stacktrace]
#0 D:\\laragon\\laragon\\www\\sungoods\\vendor\\laravel\\framework\\src\\Illuminate\\Database\\Connection.php(720): Illuminate\\Database\\Connection->runQueryCallback('select * from `...', Array, Object(Closure))
#1 D:\\laragon\\laragon\\www\\sungoods\\vendor\\laravel\\framework\\src\\Illuminate\\Database\\Connection.php(405): Illuminate\\Database\\Connection->run('select * from `...', Array, Object(Closure))
#2 D:\\laragon\\laragon\\www\\sungoods\\vendor\\laravel\\framework\\src\\Illuminate\\Database\\Query\\Builder.php(2705): Illuminate\\Database\\Connection->select('select * from `...', Array, true)
#3 D:\\laragon\\laragon\\www\\sungoods\\vendor\\laravel\\framework\\src\\Illuminate\\Database\\Query\\Builder.php(2694): Illuminate\\Database\\Query\\Builder->runSelect()
#4 D:\\laragon\\laragon\\www\\sungoods\\vendor\\laravel\\framework\\src\\Illuminate\\Database\\Query\\Builder.php(3230): Illuminate\\Database\\Query\\Builder->Illuminate\\Database\\Query\\{closure}()
#5 D:\\laragon\\laragon\\www\\sungoods\\vendor\\laravel\\framework\\src\\Illuminate\\Database\\Query\\Builder.php(2693): Illuminate\\Database\\Query\\Builder->onceWithColumns(Array, Object(Closure))
#6 D:\\laragon\\laragon\\www\\sungoods\\vendor\\laravel\\framework\\src\\Illuminate\\Database\\Eloquent\\Builder.php(710): Illuminate\\Database\\Query\\Builder->get(Array)
#7 D:\\laragon\\laragon\\www\\sungoods\\vendor\\laravel\\framework\\src\\Illuminate\\Database\\Eloquent\\Builder.php(694): Illuminate\\Database\\Eloquent\\Builder->getModels(Array)
#8 D:\\laragon\\laragon\\www\\sungoods\\app\\Providers\\AppServiceProvider.php(40): Illuminate\\Database\\Eloquent\\Builder->get()
#9 D:\\laragon\\laragon\\www\\sungoods\\vendor\\laravel\\framework\\src\\Illuminate\\View\\Concerns\\ManagesEvents.php(162): App\\Providers\\AppServiceProvider->App\\Providers\\{closure}(Object(Illuminate\\View\\View))
#10 D:\\laragon\\laragon\\www\\sungoods\\vendor\\laravel\\framework\\src\\Illuminate\\Events\\Dispatcher.php(418): Illuminate\\View\\Factory->Illuminate\\View\\Concerns\\{closure}('composing: erro...', Array)
#11 D:\\laragon\\laragon\\www\\sungoods\\vendor\\laravel\\framework\\src\\Illuminate\\Events\\Dispatcher.php(249): Illuminate\\Events\\Dispatcher->Illuminate\\Events\\{closure}('composing: erro...', Array)
#12 D:\\laragon\\laragon\\www\\sungoods\\vendor\\laravel\\framework\\src\\Illuminate\\View\\Concerns\\ManagesEvents.php(177): Illuminate\\Events\\Dispatcher->dispatch('composing: erro...', Array)
#13 D:\\laragon\\laragon\\www\\sungoods\\vendor\\laravel\\framework\\src\\Illuminate\\View\\View.php(176): Illuminate\\View\\Factory->callComposer(Object(Illuminate\\View\\View))
#14 D:\\laragon\\laragon\\www\\sungoods\\vendor\\laravel\\framework\\src\\Illuminate\\View\\View.php(147): Illuminate\\View\\View->renderContents()
#15 D:\\laragon\\laragon\\www\\sungoods\\vendor\\laravel\\framework\\src\\Illuminate\\Http\\Response.php(69): Illuminate\\View\\View->render()
#16 D:\\laragon\\laragon\\www\\sungoods\\vendor\\laravel\\framework\\src\\Illuminate\\Http\\Response.php(35): Illuminate\\Http\\Response->setContent(Object(Illuminate\\View\\View))
#17 D:\\laragon\\laragon\\www\\sungoods\\vendor\\laravel\\framework\\src\\Illuminate\\Routing\\ResponseFactory.php(57): Illuminate\\Http\\Response->__construct(Object(Illuminate\\View\\View), 500, Array)
#18 D:\\laragon\\laragon\\www\\sungoods\\vendor\\laravel\\framework\\src\\Illuminate\\Routing\\ResponseFactory.php(87): Illuminate\\Routing\\ResponseFactory->make(Object(Illuminate\\View\\View), 500, Array)
#19 D:\\laragon\\laragon\\www\\sungoods\\vendor\\laravel\\framework\\src\\Illuminate\\Foundation\\Exceptions\\Handler.php(626): Illuminate\\Routing\\ResponseFactory->view('errors::500', Array, 500, Array)
#20 D:\\laragon\\laragon\\www\\sungoods\\vendor\\laravel\\framework\\src\\Illuminate\\Foundation\\Exceptions\\Handler.php(554): Illuminate\\Foundation\\Exceptions\\Handler->renderHttpException(Object(Symfony\\Component\\HttpKernel\\Exception\\HttpException))
#21 D:\\laragon\\laragon\\www\\sungoods\\vendor\\laravel\\framework\\src\\Illuminate\\Foundation\\Exceptions\\Handler.php(460): Illuminate\\Foundation\\Exceptions\\Handler->prepareResponse(Object(Illuminate\\Http\\Request), Object(Symfony\\Component\\HttpKernel\\Exception\\HttpException))
#22 D:\\laragon\\laragon\\www\\sungoods\\vendor\\laravel\\framework\\src\\Illuminate\\Foundation\\Exceptions\\Handler.php(377): Illuminate\\Foundation\\Exceptions\\Handler->renderExceptionResponse(Object(Illuminate\\Http\\Request), Object(Illuminate\\Database\\QueryException))
#23 D:\\laragon\\laragon\\www\\sungoods\\vendor\\laravel\\framework\\src\\Illuminate\\Routing\\Pipeline.php(51): Illuminate\\Foundation\\Exceptions\\Handler->render(Object(Illuminate\\Http\\Request), Object(Illuminate\\Database\\QueryException))
#24 D:\\laragon\\laragon\\www\\sungoods\\vendor\\laravel\\framework\\src\\Illuminate\\Pipeline\\Pipeline.php(143): Illuminate\\Routing\\Pipeline->handleException(Object(Illuminate\\Http\\Request), Object(Illuminate\\Database\\QueryException))
#25 D:\\laragon\\laragon\\www\\sungoods\\vendor\\barryvdh\\laravel-debugbar\\src\\Middleware\\InjectDebugbar.php(59): Illuminate\\Pipeline\\Pipeline->Illuminate\\Pipeline\\{closure}(Object(Illuminate\\Http\\Request))
#26 D:\\laragon\\laragon\\www\\sungoods\\vendor\\laravel\\framework\\src\\Illuminate\\Pipeline\\Pipeline.php(180): Barryvdh\\Debugbar\\Middleware\\InjectDebugbar->handle(Object(Illuminate\\Http\\Request), Object(Closure))
#27 D:\\laragon\\laragon\\www\\sungoods\\vendor\\laravel\\framework\\src\\Illuminate\\Foundation\\Http\\Middleware\\TransformsRequest.php(21): Illuminate\\Pipeline\\Pipeline->Illuminate\\Pipeline\\{closure}(Object(Illuminate\\Http\\Request))
#28 D:\\laragon\\laragon\\www\\sungoods\\vendor\\laravel\\framework\\src\\Illuminate\\Foundation\\Http\\Middleware\\ConvertEmptyStringsToNull.php(31): Illuminate\\Foundation\\Http\\Middleware\\TransformsRequest->handle(Object(Illuminate\\Http\\Request), Object(Closure))
#29 D:\\laragon\\laragon\\www\\sungoods\\vendor\\laravel\\framework\\src\\Illuminate\\Pipeline\\Pipeline.php(180): Illuminate\\Foundation\\Http\\Middleware\\ConvertEmptyStringsToNull->handle(Object(Illuminate\\Http\\Request), Object(Closure))
#30 D:\\laragon\\laragon\\www\\sungoods\\vendor\\laravel\\framework\\src\\Illuminate\\Foundation\\Http\\Middleware\\TransformsRequest.php(21): Illuminate\\Pipeline\\Pipeline->Illuminate\\Pipeline\\{closure}(Object(Illuminate\\Http\\Request))
#31 D:\\laragon\\laragon\\www\\sungoods\\vendor\\laravel\\framework\\src\\Illuminate\\Foundation\\Http\\Middleware\\TrimStrings.php(40): Illuminate\\Foundation\\Http\\Middleware\\TransformsRequest->handle(Object(Illuminate\\Http\\Request), Object(Closure))
#32 D:\\laragon\\laragon\\www\\sungoods\\vendor\\laravel\\framework\\src\\Illuminate\\Pipeline\\Pipeline.php(180): Illuminate\\Foundation\\Http\\Middleware\\TrimStrings->handle(Object(Illuminate\\Http\\Request), Object(Closure))
#33 D:\\laragon\\laragon\\www\\sungoods\\vendor\\laravel\\framework\\src\\Illuminate\\Foundation\\Http\\Middleware\\ValidatePostSize.php(27): Illuminate\\Pipeline\\Pipeline->Illuminate\\Pipeline\\{closure}(Object(Illuminate\\Http\\Request))
#34 D:\\laragon\\laragon\\www\\sungoods\\vendor\\laravel\\framework\\src\\Illuminate\\Pipeline\\Pipeline.php(180): Illuminate\\Foundation\\Http\\Middleware\\ValidatePostSize->handle(Object(Illuminate\\Http\\Request), Object(Closure))
#35 D:\\laragon\\laragon\\www\\sungoods\\vendor\\laravel\\framework\\src\\Illuminate\\Foundation\\Http\\Middleware\\PreventRequestsDuringMaintenance.php(86): Illuminate\\Pipeline\\Pipeline->Illuminate\\Pipeline\\{closure}(Object(Illuminate\\Http\\Request))
#36 D:\\laragon\\laragon\\www\\sungoods\\vendor\\laravel\\framework\\src\\Illuminate\\Pipeline\\Pipeline.php(180): Illuminate\\Foundation\\Http\\Middleware\\PreventRequestsDuringMaintenance->handle(Object(Illuminate\\Http\\Request), Object(Closure))
#37 D:\\laragon\\laragon\\www\\sungoods\\vendor\\laravel\\framework\\src\\Illuminate\\Http\\Middleware\\HandleCors.php(49): Illuminate\\Pipeline\\Pipeline->Illuminate\\Pipeline\\{closure}(Object(Illuminate\\Http\\Request))
#38 D:\\laragon\\laragon\\www\\sungoods\\vendor\\laravel\\framework\\src\\Illuminate\\Pipeline\\Pipeline.php(180): Illuminate\\Http\\Middleware\\HandleCors->handle(Object(Illuminate\\Http\\Request), Object(Closure))
#39 D:\\laragon\\laragon\\www\\sungoods\\vendor\\laravel\\framework\\src\\Illuminate\\Http\\Middleware\\TrustProxies.php(39): Illuminate\\Pipeline\\Pipeline->Illuminate\\Pipeline\\{closure}(Object(Illuminate\\Http\\Request))
#40 D:\\laragon\\laragon\\www\\sungoods\\vendor\\laravel\\framework\\src\\Illuminate\\Pipeline\\Pipeline.php(180): Illuminate\\Http\\Middleware\\TrustProxies->handle(Object(Illuminate\\Http\\Request), Object(Closure))
#41 D:\\laragon\\laragon\\www\\sungoods\\vendor\\laravel\\framework\\src\\Illuminate\\Pipeline\\Pipeline.php(116): Illuminate\\Pipeline\\Pipeline->Illuminate\\Pipeline\\{closure}(Object(Illuminate\\Http\\Request))
#42 D:\\laragon\\laragon\\www\\sungoods\\vendor\\laravel\\framework\\src\\Illuminate\\Foundation\\Http\\Kernel.php(165): Illuminate\\Pipeline\\Pipeline->then(Object(Closure))
#43 D:\\laragon\\laragon\\www\\sungoods\\vendor\\laravel\\framework\\src\\Illuminate\\Foundation\\Http\\Kernel.php(134): Illuminate\\Foundation\\Http\\Kernel->sendRequestThroughRouter(Object(Illuminate\\Http\\Request))
#44 D:\\laragon\\laragon\\www\\sungoods\\public\\index.php(51): Illuminate\\Foundation\\Http\\Kernel->handle(Object(Illuminate\\Http\\Request))
#45 {main}

[previous exception] [object] (PDOException(code: 1045): SQLSTATE[HY000] [1045] Access denied for user 'forge'@'localhost' (using password: YES) at D:\\laragon\\laragon\\www\\sungoods\\vendor\\laravel\\framework\\src\\Illuminate\\Database\\Connectors\\Connector.php:70)
[stacktrace]
#0 D:\\laragon\\laragon\\www\\sungoods\\vendor\\laravel\\framework\\src\\Illuminate\\Database\\Connectors\\Connector.php(70): PDO->__construct('mysql:host=127....', 'forge', Object(SensitiveParameterValue), Array)
#1 D:\\laragon\\laragon\\www\\sungoods\\vendor\\laravel\\framework\\src\\Illuminate\\Database\\Connectors\\Connector.php(45): Illuminate\\Database\\Connectors\\Connector->createPdoConnection('mysql:host=127....', 'forge', '', Array)
#2 D:\\laragon\\laragon\\www\\sungoods\\vendor\\laravel\\framework\\src\\Illuminate\\Database\\Connectors\\MySqlConnector.php(24): Illuminate\\Database\\Connectors\\Connector->createConnection('mysql:host=127....', Array, Array)
#3 D:\\laragon\\laragon\\www\\sungoods\\vendor\\laravel\\framework\\src\\Illuminate\\Database\\Connectors\\ConnectionFactory.php(184): Illuminate\\Database\\Connectors\\MySqlConnector->connect(Array)
#4 [internal function]: Illuminate\\Database\\Connectors\\ConnectionFactory->Illuminate\\Database\\Connectors\\{closure}()
#5 D:\\laragon\\laragon\\www\\sungoods\\vendor\\laravel\\framework\\src\\Illuminate\\Database\\Connection.php(1181): call_user_func(Object(Closure))
#6 D:\\laragon\\laragon\\www\\sungoods\\vendor\\laravel\\framework\\src\\Illuminate\\Database\\Connection.php(1217): Illuminate\\Database\\Connection->getPdo()
#7 D:\\laragon\\laragon\\www\\sungoods\\vendor\\laravel\\framework\\src\\Illuminate\\Database\\Connection.php(486): Illuminate\\Database\\Connection->getReadPdo()
#8 D:\\laragon\\laragon\\www\\sungoods\\vendor\\laravel\\framework\\src\\Illuminate\\Database\\Connection.php(414): Illuminate\\Database\\Connection->getPdoForSelect(true)
#9 D:\\laragon\\laragon\\www\\sungoods\\vendor\\laravel\\framework\\src\\Illuminate\\Database\\Connection.php(753): Illuminate\\Database\\Connection->Illuminate\\Database\\{closure}('select * from `...', Array)
#10 D:\\laragon\\laragon\\www\\sungoods\\vendor\\laravel\\framework\\src\\Illuminate\\Database\\Connection.php(720): Illuminate\\Database\\Connection->runQueryCallback('select * from `...', Array, Object(Closure))
#11 D:\\laragon\\laragon\\www\\sungoods\\vendor\\laravel\\framework\\src\\Illuminate\\Database\\Connection.php(405): Illuminate\\Database\\Connection->run('select * from `...', Array, Object(Closure))
#12 D:\\laragon\\laragon\\www\\sungoods\\vendor\\laravel\\framework\\src\\Illuminate\\Database\\Query\\Builder.php(2705): Illuminate\\Database\\Connection->select('select * from `...', Array, true)
#13 D:\\laragon\\laragon\\www\\sungoods\\vendor\\laravel\\framework\\src\\Illuminate\\Database\\Query\\Builder.php(2694): Illuminate\\Database\\Query\\Builder->runSelect()
#14 D:\\laragon\\laragon\\www\\sungoods\\vendor\\laravel\\framework\\src\\Illuminate\\Database\\Query\\Builder.php(3230): Illuminate\\Database\\Query\\Builder->Illuminate\\Database\\Query\\{closure}()
#15 D:\\laragon\\laragon\\www\\sungoods\\vendor\\laravel\\framework\\src\\Illuminate\\Database\\Query\\Builder.php(2693): Illuminate\\Database\\Query\\Builder->onceWithColumns(Array, Object(Closure))
#16 D:\\laragon\\laragon\\www\\sungoods\\vendor\\laravel\\framework\\src\\Illuminate\\Database\\Eloquent\\Builder.php(710): Illuminate\\Database\\Query\\Builder->get(Array)
#17 D:\\laragon\\laragon\\www\\sungoods\\vendor\\laravel\\framework\\src\\Illuminate\\Database\\Eloquent\\Builder.php(694): Illuminate\\Database\\Eloquent\\Builder->getModels(Array)
#18 D:\\laragon\\laragon\\www\\sungoods\\app\\Providers\\AppServiceProvider.php(40): Illuminate\\Database\\Eloquent\\Builder->get()
#19 D:\\laragon\\laragon\\www\\sungoods\\vendor\\laravel\\framework\\src\\Illuminate\\View\\Concerns\\ManagesEvents.php(162): App\\Providers\\AppServiceProvider->App\\Providers\\{closure}(Object(Illuminate\\View\\View))
#20 D:\\laragon\\laragon\\www\\sungoods\\vendor\\laravel\\framework\\src\\Illuminate\\Events\\Dispatcher.php(418): Illuminate\\View\\Factory->Illuminate\\View\\Concerns\\{closure}('composing: erro...', Array)
#21 D:\\laragon\\laragon\\www\\sungoods\\vendor\\laravel\\framework\\src\\Illuminate\\Events\\Dispatcher.php(249): Illuminate\\Events\\Dispatcher->Illuminate\\Events\\{closure}('composing: erro...', Array)
#22 D:\\laragon\\laragon\\www\\sungoods\\vendor\\laravel\\framework\\src\\Illuminate\\View\\Concerns\\ManagesEvents.php(177): Illuminate\\Events\\Dispatcher->dispatch('composing: erro...', Array)
#23 D:\\laragon\\laragon\\www\\sungoods\\vendor\\laravel\\framework\\src\\Illuminate\\View\\View.php(176): Illuminate\\View\\Factory->callComposer(Object(Illuminate\\View\\View))
#24 D:\\laragon\\laragon\\www\\sungoods\\vendor\\laravel\\framework\\src\\Illuminate\\View\\View.php(147): Illuminate\\View\\View->renderContents()
#25 D:\\laragon\\laragon\\www\\sungoods\\vendor\\laravel\\framework\\src\\Illuminate\\Http\\Response.php(69): Illuminate\\View\\View->render()
#26 D:\\laragon\\laragon\\www\\sungoods\\vendor\\laravel\\framework\\src\\Illuminate\\Http\\Response.php(35): Illuminate\\Http\\Response->setContent(Object(Illuminate\\View\\View))
#27 D:\\laragon\\laragon\\www\\sungoods\\vendor\\laravel\\framework\\src\\Illuminate\\Routing\\ResponseFactory.php(57): Illuminate\\Http\\Response->__construct(Object(Illuminate\\View\\View), 500, Array)
#28 D:\\laragon\\laragon\\www\\sungoods\\vendor\\laravel\\framework\\src\\Illuminate\\Routing\\ResponseFactory.php(87): Illuminate\\Routing\\ResponseFactory->make(Object(Illuminate\\View\\View), 500, Array)
#29 D:\\laragon\\laragon\\www\\sungoods\\vendor\\laravel\\framework\\src\\Illuminate\\Foundation\\Exceptions\\Handler.php(626): Illuminate\\Routing\\ResponseFactory->view('errors::500', Array, 500, Array)
#30 D:\\laragon\\laragon\\www\\sungoods\\vendor\\laravel\\framework\\src\\Illuminate\\Foundation\\Exceptions\\Handler.php(554): Illuminate\\Foundation\\Exceptions\\Handler->renderHttpException(Object(Symfony\\Component\\HttpKernel\\Exception\\HttpException))
#31 D:\\laragon\\laragon\\www\\sungoods\\vendor\\laravel\\framework\\src\\Illuminate\\Foundation\\Exceptions\\Handler.php(460): Illuminate\\Foundation\\Exceptions\\Handler->prepareResponse(Object(Illuminate\\Http\\Request), Object(Symfony\\Component\\HttpKernel\\Exception\\HttpException))
#32 D:\\laragon\\laragon\\www\\sungoods\\vendor\\laravel\\framework\\src\\Illuminate\\Foundation\\Exceptions\\Handler.php(377): Illuminate\\Foundation\\Exceptions\\Handler->renderExceptionResponse(Object(Illuminate\\Http\\Request), Object(Illuminate\\Database\\QueryException))
#33 D:\\laragon\\laragon\\www\\sungoods\\vendor\\laravel\\framework\\src\\Illuminate\\Routing\\Pipeline.php(51): Illuminate\\Foundation\\Exceptions\\Handler->render(Object(Illuminate\\Http\\Request), Object(Illuminate\\Database\\QueryException))
#34 D:\\laragon\\laragon\\www\\sungoods\\vendor\\laravel\\framework\\src\\Illuminate\\Pipeline\\Pipeline.php(143): Illuminate\\Routing\\Pipeline->handleException(Object(Illuminate\\Http\\Request), Object(Illuminate\\Database\\QueryException))
#35 D:\\laragon\\laragon\\www\\sungoods\\vendor\\barryvdh\\laravel-debugbar\\src\\Middleware\\InjectDebugbar.php(59): Illuminate\\Pipeline\\Pipeline->Illuminate\\Pipeline\\{closure}(Object(Illuminate\\Http\\Request))
#36 D:\\laragon\\laragon\\www\\sungoods\\vendor\\laravel\\framework\\src\\Illuminate\\Pipeline\\Pipeline.php(180): Barryvdh\\Debugbar\\Middleware\\InjectDebugbar->handle(Object(Illuminate\\Http\\Request), Object(Closure))
#37 D:\\laragon\\laragon\\www\\sungoods\\vendor\\laravel\\framework\\src\\Illuminate\\Foundation\\Http\\Middleware\\TransformsRequest.php(21): Illuminate\\Pipeline\\Pipeline->Illuminate\\Pipeline\\{closure}(Object(Illuminate\\Http\\Request))
#38 D:\\laragon\\laragon\\www\\sungoods\\vendor\\laravel\\framework\\src\\Illuminate\\Foundation\\Http\\Middleware\\ConvertEmptyStringsToNull.php(31): Illuminate\\Foundation\\Http\\Middleware\\TransformsRequest->handle(Object(Illuminate\\Http\\Request), Object(Closure))
#39 D:\\laragon\\laragon\\www\\sungoods\\vendor\\laravel\\framework\\src\\Illuminate\\Pipeline\\Pipeline.php(180): Illuminate\\Foundation\\Http\\Middleware\\ConvertEmptyStringsToNull->handle(Object(Illuminate\\Http\\Request), Object(Closure))
#40 D:\\laragon\\laragon\\www\\sungoods\\vendor\\laravel\\framework\\src\\Illuminate\\Foundation\\Http\\Middleware\\TransformsRequest.php(21): Illuminate\\Pipeline\\Pipeline->Illuminate\\Pipeline\\{closure}(Object(Illuminate\\Http\\Request))
#41 D:\\laragon\\laragon\\www\\sungoods\\vendor\\laravel\\framework\\src\\Illuminate\\Foundation\\Http\\Middleware\\TrimStrings.php(40): Illuminate\\Foundation\\Http\\Middleware\\TransformsRequest->handle(Object(Illuminate\\Http\\Request), Object(Closure))
#42 D:\\laragon\\laragon\\www\\sungoods\\vendor\\laravel\\framework\\src\\Illuminate\\Pipeline\\Pipeline.php(180): Illuminate\\Foundation\\Http\\Middleware\\TrimStrings->handle(Object(Illuminate\\Http\\Request), Object(Closure))
#43 D:\\laragon\\laragon\\www\\sungoods\\vendor\\laravel\\framework\\src\\Illuminate\\Foundation\\Http\\Middleware\\ValidatePostSize.php(27): Illuminate\\Pipeline\\Pipeline->Illuminate\\Pipeline\\{closure}(Object(Illuminate\\Http\\Request))
#44 D:\\laragon\\laragon\\www\\sungoods\\vendor\\laravel\\framework\\src\\Illuminate\\Pipeline\\Pipeline.php(180): Illuminate\\Foundation\\Http\\Middleware\\ValidatePostSize->handle(Object(Illuminate\\Http\\Request), Object(Closure))
#45 D:\\laragon\\laragon\\www\\sungoods\\vendor\\laravel\\framework\\src\\Illuminate\\Foundation\\Http\\Middleware\\PreventRequestsDuringMaintenance.php(86): Illuminate\\Pipeline\\Pipeline->Illuminate\\Pipeline\\{closure}(Object(Illuminate\\Http\\Request))
#46 D:\\laragon\\laragon\\www\\sungoods\\vendor\\laravel\\framework\\src\\Illuminate\\Pipeline\\Pipeline.php(180): Illuminate\\Foundation\\Http\\Middleware\\PreventRequestsDuringMaintenance->handle(Object(Illuminate\\Http\\Request), Object(Closure))
#47 D:\\laragon\\laragon\\www\\sungoods\\vendor\\laravel\\framework\\src\\Illuminate\\Http\\Middleware\\HandleCors.php(49): Illuminate\\Pipeline\\Pipeline->Illuminate\\Pipeline\\{closure}(Object(Illuminate\\Http\\Request))
#48 D:\\laragon\\laragon\\www\\sungoods\\vendor\\laravel\\framework\\src\\Illuminate\\Pipeline\\Pipeline.php(180): Illuminate\\Http\\Middleware\\HandleCors->handle(Object(Illuminate\\Http\\Request), Object(Closure))
#49 D:\\laragon\\laragon\\www\\sungoods\\vendor\\laravel\\framework\\src\\Illuminate\\Http\\Middleware\\TrustProxies.php(39): Illuminate\\Pipeline\\Pipeline->Illuminate\\Pipeline\\{closure}(Object(Illuminate\\Http\\Request))
#50 D:\\laragon\\laragon\\www\\sungoods\\vendor\\laravel\\framework\\src\\Illuminate\\Pipeline\\Pipeline.php(180): Illuminate\\Http\\Middleware\\TrustProxies->handle(Object(Illuminate\\Http\\Request), Object(Closure))
#51 D:\\laragon\\laragon\\www\\sungoods\\vendor\\laravel\\framework\\src\\Illuminate\\Pipeline\\Pipeline.php(116): Illuminate\\Pipeline\\Pipeline->Illuminate\\Pipeline\\{closure}(Object(Illuminate\\Http\\Request))
#52 D:\\laragon\\laragon\\www\\sungoods\\vendor\\laravel\\framework\\src\\Illuminate\\Foundation\\Http\\Kernel.php(165): Illuminate\\Pipeline\\Pipeline->then(Object(Closure))
#53 D:\\laragon\\laragon\\www\\sungoods\\vendor\\laravel\\framework\\src\\Illuminate\\Foundation\\Http\\Kernel.php(134): Illuminate\\Foundation\\Http\\Kernel->sendRequestThroughRouter(Object(Illuminate\\Http\\Request))
#54 D:\\laragon\\laragon\\www\\sungoods\\public\\index.php(51): Illuminate\\Foundation\\Http\\Kernel->handle(Object(Illuminate\\Http\\Request))
#55 {main}
"} 
[2026-04-22 07:48:11] production.ERROR: SQLSTATE[HY000] [1045] Access denied for user 'forge'@'localhost' (using password: YES) (SQL: select * from `menus` where `active` = 1 and `type` = header_menu order by `drag_id` asc, `created_at` desc) {"exception":"[object] (Illuminate\\Database\\QueryException(code: 1045): SQLSTATE[HY000] [1045] Access denied for user 'forge'@'localhost' (using password: YES) (SQL: select * from `menus` where `active` = 1 and `type` = header_menu order by `drag_id` asc, `created_at` desc) at D:\\laragon\\laragon\\www\\sungoods\\vendor\\laravel\\framework\\src\\Illuminate\\Database\\Connection.php:760)
[stacktrace]
#0 D:\\laragon\\laragon\\www\\sungoods\\vendor\\laravel\\framework\\src\\Illuminate\\Database\\Connection.php(720): Illuminate\\Database\\Connection->runQueryCallback('select * from `...', Array, Object(Closure))
#1 D:\\laragon\\laragon\\www\\sungoods\\vendor\\laravel\\framework\\src\\Illuminate\\Database\\Connection.php(405): Illuminate\\Database\\Connection->run('select * from `...', Array, Object(Closure))
#2 D:\\laragon\\laragon\\www\\sungoods\\vendor\\laravel\\framework\\src\\Illuminate\\Database\\Query\\Builder.php(2705): Illuminate\\Database\\Connection->select('select * from `...', Array, true)
#3 D:\\laragon\\laragon\\www\\sungoods\\vendor\\laravel\\framework\\src\\Illuminate\\Database\\Query\\Builder.php(2694): Illuminate\\Database\\Query\\Builder->runSelect()
#4 D:\\laragon\\laragon\\www\\sungoods\\vendor\\laravel\\framework\\src\\Illuminate\\Database\\Query\\Builder.php(3230): Illuminate\\Database\\Query\\Builder->Illuminate\\Database\\Query\\{closure}()
#5 D:\\laragon\\laragon\\www\\sungoods\\vendor\\laravel\\framework\\src\\Illuminate\\Database\\Query\\Builder.php(2693): Illuminate\\Database\\Query\\Builder->onceWithColumns(Array, Object(Closure))
#6 D:\\laragon\\laragon\\www\\sungoods\\vendor\\laravel\\framework\\src\\Illuminate\\Database\\Eloquent\\Builder.php(710): Illuminate\\Database\\Query\\Builder->get(Array)
#7 D:\\laragon\\laragon\\www\\sungoods\\vendor\\laravel\\framework\\src\\Illuminate\\Database\\Eloquent\\Builder.php(694): Illuminate\\Database\\Eloquent\\Builder->getModels(Array)
#8 D:\\laragon\\laragon\\www\\sungoods\\app\\Providers\\AppServiceProvider.php(40): Illuminate\\Database\\Eloquent\\Builder->get()
#9 D:\\laragon\\laragon\\www\\sungoods\\vendor\\laravel\\framework\\src\\Illuminate\\View\\Concerns\\ManagesEvents.php(162): App\\Providers\\AppServiceProvider->App\\Providers\\{closure}(Object(Illuminate\\View\\View))
#10 D:\\laragon\\laragon\\www\\sungoods\\vendor\\laravel\\framework\\src\\Illuminate\\Events\\Dispatcher.php(418): Illuminate\\View\\Factory->Illuminate\\View\\Concerns\\{closure}('composing: erro...', Array)
#11 D:\\laragon\\laragon\\www\\sungoods\\vendor\\laravel\\framework\\src\\Illuminate\\Events\\Dispatcher.php(249): Illuminate\\Events\\Dispatcher->Illuminate\\Events\\{closure}('composing: erro...', Array)
#12 D:\\laragon\\laragon\\www\\sungoods\\vendor\\laravel\\framework\\src\\Illuminate\\View\\Concerns\\ManagesEvents.php(177): Illuminate\\Events\\Dispatcher->dispatch('composing: erro...', Array)
#13 D:\\laragon\\laragon\\www\\sungoods\\vendor\\laravel\\framework\\src\\Illuminate\\View\\View.php(176): Illuminate\\View\\Factory->callComposer(Object(Illuminate\\View\\View))
#14 D:\\laragon\\laragon\\www\\sungoods\\vendor\\laravel\\framework\\src\\Illuminate\\View\\View.php(147): Illuminate\\View\\View->renderContents()
#15 D:\\laragon\\laragon\\www\\sungoods\\vendor\\laravel\\framework\\src\\Illuminate\\Http\\Response.php(69): Illuminate\\View\\View->render()
#16 D:\\laragon\\laragon\\www\\sungoods\\vendor\\laravel\\framework\\src\\Illuminate\\Http\\Response.php(35): Illuminate\\Http\\Response->setContent(Object(Illuminate\\View\\View))
#17 D:\\laragon\\laragon\\www\\sungoods\\vendor\\laravel\\framework\\src\\Illuminate\\Routing\\ResponseFactory.php(57): Illuminate\\Http\\Response->__construct(Object(Illuminate\\View\\View), 500, Array)
#18 D:\\laragon\\laragon\\www\\sungoods\\vendor\\laravel\\framework\\src\\Illuminate\\Routing\\ResponseFactory.php(87): Illuminate\\Routing\\ResponseFactory->make(Object(Illuminate\\View\\View), 500, Array)
#19 D:\\laragon\\laragon\\www\\sungoods\\vendor\\laravel\\framework\\src\\Illuminate\\Foundation\\Exceptions\\Handler.php(626): Illuminate\\Routing\\ResponseFactory->view('errors::500', Array, 500, Array)
#20 D:\\laragon\\laragon\\www\\sungoods\\vendor\\laravel\\framework\\src\\Illuminate\\Foundation\\Exceptions\\Handler.php(554): Illuminate\\Foundation\\Exceptions\\Handler->renderHttpException(Object(Symfony\\Component\\HttpKernel\\Exception\\HttpException))
#21 D:\\laragon\\laragon\\www\\sungoods\\vendor\\laravel\\framework\\src\\Illuminate\\Foundation\\Exceptions\\Handler.php(460): Illuminate\\Foundation\\Exceptions\\Handler->prepareResponse(Object(Illuminate\\Http\\Request), Object(Symfony\\Component\\HttpKernel\\Exception\\HttpException))
#22 D:\\laragon\\laragon\\www\\sungoods\\vendor\\laravel\\framework\\src\\Illuminate\\Foundation\\Exceptions\\Handler.php(377): Illuminate\\Foundation\\Exceptions\\Handler->renderExceptionResponse(Object(Illuminate\\Http\\Request), Object(Illuminate\\Database\\QueryException))
#23 D:\\laragon\\laragon\\www\\sungoods\\vendor\\laravel\\framework\\src\\Illuminate\\Routing\\Pipeline.php(51): Illuminate\\Foundation\\Exceptions\\Handler->render(Object(Illuminate\\Http\\Request), Object(Illuminate\\Database\\QueryException))
#24 D:\\laragon\\laragon\\www\\sungoods\\vendor\\laravel\\framework\\src\\Illuminate\\Pipeline\\Pipeline.php(185): Illuminate\\Routing\\Pipeline->handleException(Object(Illuminate\\Http\\Request), Object(Illuminate\\Database\\QueryException))
#25 D:\\laragon\\laragon\\www\\sungoods\\vendor\\laravel\\framework\\src\\Illuminate\\Foundation\\Http\\Middleware\\TransformsRequest.php(21): Illuminate\\Pipeline\\Pipeline->Illuminate\\Pipeline\\{closure}(Object(Illuminate\\Http\\Request))
#26 D:\\laragon\\laragon\\www\\sungoods\\vendor\\laravel\\framework\\src\\Illuminate\\Foundation\\Http\\Middleware\\ConvertEmptyStringsToNull.php(31): Illuminate\\Foundation\\Http\\Middleware\\TransformsRequest->handle(Object(Illuminate\\Http\\Request), Object(Closure))
#27 D:\\laragon\\laragon\\www\\sungoods\\vendor\\laravel\\framework\\src\\Illuminate\\Pipeline\\Pipeline.php(180): Illuminate\\Foundation\\Http\\Middleware\\ConvertEmptyStringsToNull->handle(Object(Illuminate\\Http\\Request), Object(Closure))
#28 D:\\laragon\\laragon\\www\\sungoods\\vendor\\laravel\\framework\\src\\Illuminate\\Foundation\\Http\\Middleware\\TransformsRequest.php(21): Illuminate\\Pipeline\\Pipeline->Illuminate\\Pipeline\\{closure}(Object(Illuminate\\Http\\Request))
#29 D:\\laragon\\laragon\\www\\sungoods\\vendor\\laravel\\framework\\src\\Illuminate\\Foundation\\Http\\Middleware\\TrimStrings.php(40): Illuminate\\Foundation\\Http\\Middleware\\TransformsRequest->handle(Object(Illuminate\\Http\\Request), Object(Closure))
#30 D:\\laragon\\laragon\\www\\sungoods\\vendor\\laravel\\framework\\src\\Illuminate\\Pipeline\\Pipeline.php(180): Illuminate\\Foundation\\Http\\Middleware\\TrimStrings->handle(Object(Illuminate\\Http\\Request), Object(Closure))
#31 D:\\laragon\\laragon\\www\\sungoods\\vendor\\laravel\\framework\\src\\Illuminate\\Foundation\\Http\\Middleware\\ValidatePostSize.php(27): Illuminate\\Pipeline\\Pipeline->Illuminate\\Pipeline\\{closure}(Object(Illuminate\\Http\\Request))
#32 D:\\laragon\\laragon\\www\\sungoods\\vendor\\laravel\\framework\\src\\Illuminate\\Pipeline\\Pipeline.php(180): Illuminate\\Foundation\\Http\\Middleware\\ValidatePostSize->handle(Object(Illuminate\\Http\\Request), Object(Closure))
#33 D:\\laragon\\laragon\\www\\sungoods\\vendor\\laravel\\framework\\src\\Illuminate\\Foundation\\Http\\Middleware\\PreventRequestsDuringMaintenance.php(86): Illuminate\\Pipeline\\Pipeline->Illuminate\\Pipeline\\{closure}(Object(Illuminate\\Http\\Request))
#34 D:\\laragon\\laragon\\www\\sungoods\\vendor\\laravel\\framework\\src\\Illuminate\\Pipeline\\Pipeline.php(180): Illuminate\\Foundation\\Http\\Middleware\\PreventRequestsDuringMaintenance->handle(Object(Illuminate\\Http\\Request), Object(Closure))
#35 D:\\laragon\\laragon\\www\\sungoods\\vendor\\laravel\\framework\\src\\Illuminate\\Http\\Middleware\\HandleCors.php(49): Illuminate\\Pipeline\\Pipeline->Illuminate\\Pipeline\\{closure}(Object(Illuminate\\Http\\Request))
#36 D:\\laragon\\laragon\\www\\sungoods\\vendor\\laravel\\framework\\src\\Illuminate\\Pipeline\\Pipeline.php(180): Illuminate\\Http\\Middleware\\HandleCors->handle(Object(Illuminate\\Http\\Request), Object(Closure))
#37 D:\\laragon\\laragon\\www\\sungoods\\vendor\\laravel\\framework\\src\\Illuminate\\Http\\Middleware\\TrustProxies.php(39): Illuminate\\Pipeline\\Pipeline->Illuminate\\Pipeline\\{closure}(Object(Illuminate\\Http\\Request))
#38 D:\\laragon\\laragon\\www\\sungoods\\vendor\\laravel\\framework\\src\\Illuminate\\Pipeline\\Pipeline.php(180): Illuminate\\Http\\Middleware\\TrustProxies->handle(Object(Illuminate\\Http\\Request), Object(Closure))
#39 D:\\laragon\\laragon\\www\\sungoods\\vendor\\laravel\\framework\\src\\Illuminate\\Pipeline\\Pipeline.php(116): Illuminate\\Pipeline\\Pipeline->Illuminate\\Pipeline\\{closure}(Object(Illuminate\\Http\\Request))
#40 D:\\laragon\\laragon\\www\\sungoods\\vendor\\laravel\\framework\\src\\Illuminate\\Foundation\\Http\\Kernel.php(165): Illuminate\\Pipeline\\Pipeline->then(Object(Closure))
#41 D:\\laragon\\laragon\\www\\sungoods\\vendor\\laravel\\framework\\src\\Illuminate\\Foundation\\Http\\Kernel.php(134): Illuminate\\Foundation\\Http\\Kernel->sendRequestThroughRouter(Object(Illuminate\\Http\\Request))
#42 D:\\laragon\\laragon\\www\\sungoods\\public\\index.php(51): Illuminate\\Foundation\\Http\\Kernel->handle(Object(Illuminate\\Http\\Request))
#43 {main}

[previous exception] [object] (PDOException(code: 1045): SQLSTATE[HY000] [1045] Access denied for user 'forge'@'localhost' (using password: YES) at D:\\laragon\\laragon\\www\\sungoods\\vendor\\laravel\\framework\\src\\Illuminate\\Database\\Connectors\\Connector.php:70)
[stacktrace]
#0 D:\\laragon\\laragon\\www\\sungoods\\vendor\\laravel\\framework\\src\\Illuminate\\Database\\Connectors\\Connector.php(70): PDO->__construct('mysql:host=127....', 'forge', Object(SensitiveParameterValue), Array)
#1 D:\\laragon\\laragon\\www\\sungoods\\vendor\\laravel\\framework\\src\\Illuminate\\Database\\Connectors\\Connector.php(45): Illuminate\\Database\\Connectors\\Connector->createPdoConnection('mysql:host=127....', 'forge', '', Array)
#2 D:\\laragon\\laragon\\www\\sungoods\\vendor\\laravel\\framework\\src\\Illuminate\\Database\\Connectors\\MySqlConnector.php(24): Illuminate\\Database\\Connectors\\Connector->createConnection('mysql:host=127....', Array, Array)
#3 D:\\laragon\\laragon\\www\\sungoods\\vendor\\laravel\\framework\\src\\Illuminate\\Database\\Connectors\\ConnectionFactory.php(184): Illuminate\\Database\\Connectors\\MySqlConnector->connect(Array)
#4 [internal function]: Illuminate\\Database\\Connectors\\ConnectionFactory->Illuminate\\Database\\Connectors\\{closure}()
#5 D:\\laragon\\laragon\\www\\sungoods\\vendor\\laravel\\framework\\src\\Illuminate\\Database\\Connection.php(1181): call_user_func(Object(Closure))
#6 D:\\laragon\\laragon\\www\\sungoods\\vendor\\laravel\\framework\\src\\Illuminate\\Database\\Connection.php(1217): Illuminate\\Database\\Connection->getPdo()
#7 D:\\laragon\\laragon\\www\\sungoods\\vendor\\laravel\\framework\\src\\Illuminate\\Database\\Connection.php(486): Illuminate\\Database\\Connection->getReadPdo()
#8 D:\\laragon\\laragon\\www\\sungoods\\vendor\\laravel\\framework\\src\\Illuminate\\Database\\Connection.php(414): Illuminate\\Database\\Connection->getPdoForSelect(true)
#9 D:\\laragon\\laragon\\www\\sungoods\\vendor\\laravel\\framework\\src\\Illuminate\\Database\\Connection.php(753): Illuminate\\Database\\Connection->Illuminate\\Database\\{closure}('select * from `...', Array)
#10 D:\\laragon\\laragon\\www\\sungoods\\vendor\\laravel\\framework\\src\\Illuminate\\Database\\Connection.php(720): Illuminate\\Database\\Connection->runQueryCallback('select * from `...', Array, Object(Closure))
#11 D:\\laragon\\laragon\\www\\sungoods\\vendor\\laravel\\framework\\src\\Illuminate\\Database\\Connection.php(405): Illuminate\\Database\\Connection->run('select * from `...', Array, Object(Closure))
#12 D:\\laragon\\laragon\\www\\sungoods\\vendor\\laravel\\framework\\src\\Illuminate\\Database\\Query\\Builder.php(2705): Illuminate\\Database\\Connection->select('select * from `...', Array, true)
#13 D:\\laragon\\laragon\\www\\sungoods\\vendor\\laravel\\framework\\src\\Illuminate\\Database\\Query\\Builder.php(2694): Illuminate\\Database\\Query\\Builder->runSelect()
#14 D:\\laragon\\laragon\\www\\sungoods\\vendor\\laravel\\framework\\src\\Illuminate\\Database\\Query\\Builder.php(3230): Illuminate\\Database\\Query\\Builder->Illuminate\\Database\\Query\\{closure}()
#15 D:\\laragon\\laragon\\www\\sungoods\\vendor\\laravel\\framework\\src\\Illuminate\\Database\\Query\\Builder.php(2693): Illuminate\\Database\\Query\\Builder->onceWithColumns(Array, Object(Closure))
#16 D:\\laragon\\laragon\\www\\sungoods\\vendor\\laravel\\framework\\src\\Illuminate\\Database\\Eloquent\\Builder.php(710): Illuminate\\Database\\Query\\Builder->get(Array)
#17 D:\\laragon\\laragon\\www\\sungoods\\vendor\\laravel\\framework\\src\\Illuminate\\Database\\Eloquent\\Builder.php(694): Illuminate\\Database\\Eloquent\\Builder->getModels(Array)
#18 D:\\laragon\\laragon\\www\\sungoods\\app\\Providers\\AppServiceProvider.php(40): Illuminate\\Database\\Eloquent\\Builder->get()
#19 D:\\laragon\\laragon\\www\\sungoods\\vendor\\laravel\\framework\\src\\Illuminate\\View\\Concerns\\ManagesEvents.php(162): App\\Providers\\AppServiceProvider->App\\Providers\\{closure}(Object(Illuminate\\View\\View))
#20 D:\\laragon\\laragon\\www\\sungoods\\vendor\\laravel\\framework\\src\\Illuminate\\Events\\Dispatcher.php(418): Illuminate\\View\\Factory->Illuminate\\View\\Concerns\\{closure}('composing: erro...', Array)
#21 D:\\laragon\\laragon\\www\\sungoods\\vendor\\laravel\\framework\\src\\Illuminate\\Events\\Dispatcher.php(249): Illuminate\\Events\\Dispatcher->Illuminate\\Events\\{closure}('composing: erro...', Array)
#22 D:\\laragon\\laragon\\www\\sungoods\\vendor\\laravel\\framework\\src\\Illuminate\\View\\Concerns\\ManagesEvents.php(177): Illuminate\\Events\\Dispatcher->dispatch('composing: erro...', Array)
#23 D:\\laragon\\laragon\\www\\sungoods\\vendor\\laravel\\framework\\src\\Illuminate\\View\\View.php(176): Illuminate\\View\\Factory->callComposer(Object(Illuminate\\View\\View))
#24 D:\\laragon\\laragon\\www\\sungoods\\vendor\\laravel\\framework\\src\\Illuminate\\View\\View.php(147): Illuminate\\View\\View->renderContents()
#25 D:\\laragon\\laragon\\www\\sungoods\\vendor\\laravel\\framework\\src\\Illuminate\\Http\\Response.php(69): Illuminate\\View\\View->render()
#26 D:\\laragon\\laragon\\www\\sungoods\\vendor\\laravel\\framework\\src\\Illuminate\\Http\\Response.php(35): Illuminate\\Http\\Response->setContent(Object(Illuminate\\View\\View))
#27 D:\\laragon\\laragon\\www\\sungoods\\vendor\\laravel\\framework\\src\\Illuminate\\Routing\\ResponseFactory.php(57): Illuminate\\Http\\Response->__construct(Object(Illuminate\\View\\View), 500, Array)
#28 D:\\laragon\\laragon\\www\\sungoods\\vendor\\laravel\\framework\\src\\Illuminate\\Routing\\ResponseFactory.php(87): Illuminate\\Routing\\ResponseFactory->make(Object(Illuminate\\View\\View), 500, Array)
#29 D:\\laragon\\laragon\\www\\sungoods\\vendor\\laravel\\framework\\src\\Illuminate\\Foundation\\Exceptions\\Handler.php(626): Illuminate\\Routing\\ResponseFactory->view('errors::500', Array, 500, Array)
#30 D:\\laragon\\laragon\\www\\sungoods\\vendor\\laravel\\framework\\src\\Illuminate\\Foundation\\Exceptions\\Handler.php(554): Illuminate\\Foundation\\Exceptions\\Handler->renderHttpException(Object(Symfony\\Component\\HttpKernel\\Exception\\HttpException))
#31 D:\\laragon\\laragon\\www\\sungoods\\vendor\\laravel\\framework\\src\\Illuminate\\Foundation\\Exceptions\\Handler.php(460): Illuminate\\Foundation\\Exceptions\\Handler->prepareResponse(Object(Illuminate\\Http\\Request), Object(Symfony\\Component\\HttpKernel\\Exception\\HttpException))
#32 D:\\laragon\\laragon\\www\\sungoods\\vendor\\laravel\\framework\\src\\Illuminate\\Foundation\\Exceptions\\Handler.php(377): Illuminate\\Foundation\\Exceptions\\Handler->renderExceptionResponse(Object(Illuminate\\Http\\Request), Object(Illuminate\\Database\\QueryException))
#33 D:\\laragon\\laragon\\www\\sungoods\\vendor\\laravel\\framework\\src\\Illuminate\\Routing\\Pipeline.php(51): Illuminate\\Foundation\\Exceptions\\Handler->render(Object(Illuminate\\Http\\Request), Object(Illuminate\\Database\\QueryException))
#34 D:\\laragon\\laragon\\www\\sungoods\\vendor\\laravel\\framework\\src\\Illuminate\\Pipeline\\Pipeline.php(185): Illuminate\\Routing\\Pipeline->handleException(Object(Illuminate\\Http\\Request), Object(Illuminate\\Database\\QueryException))
#35 D:\\laragon\\laragon\\www\\sungoods\\vendor\\laravel\\framework\\src\\Illuminate\\Foundation\\Http\\Middleware\\TransformsRequest.php(21): Illuminate\\Pipeline\\Pipeline->Illuminate\\Pipeline\\{closure}(Object(Illuminate\\Http\\Request))
#36 D:\\laragon\\laragon\\www\\sungoods\\vendor\\laravel\\framework\\src\\Illuminate\\Foundation\\Http\\Middleware\\ConvertEmptyStringsToNull.php(31): Illuminate\\Foundation\\Http\\Middleware\\TransformsRequest->handle(Object(Illuminate\\Http\\Request), Object(Closure))
#37 D:\\laragon\\laragon\\www\\sungoods\\vendor\\laravel\\framework\\src\\Illuminate\\Pipeline\\Pipeline.php(180): Illuminate\\Foundation\\Http\\Middleware\\ConvertEmptyStringsToNull->handle(Object(Illuminate\\Http\\Request), Object(Closure))
#38 D:\\laragon\\laragon\\www\\sungoods\\vendor\\laravel\\framework\\src\\Illuminate\\Foundation\\Http\\Middleware\\TransformsRequest.php(21): Illuminate\\Pipeline\\Pipeline->Illuminate\\Pipeline\\{closure}(Object(Illuminate\\Http\\Request))
#39 D:\\laragon\\laragon\\www\\sungoods\\vendor\\laravel\\framework\\src\\Illuminate\\Foundation\\Http\\Middleware\\TrimStrings.php(40): Illuminate\\Foundation\\Http\\Middleware\\TransformsRequest->handle(Object(Illuminate\\Http\\Request), Object(Closure))
#40 D:\\laragon\\laragon\\www\\sungoods\\vendor\\laravel\\framework\\src\\Illuminate\\Pipeline\\Pipeline.php(180): Illuminate\\Foundation\\Http\\Middleware\\TrimStrings->handle(Object(Illuminate\\Http\\Request), Object(Closure))
#41 D:\\laragon\\laragon\\www\\sungoods\\vendor\\laravel\\framework\\src\\Illuminate\\Foundation\\Http\\Middleware\\ValidatePostSize.php(27): Illuminate\\Pipeline\\Pipeline->Illuminate\\Pipeline\\{closure}(Object(Illuminate\\Http\\Request))
#42 D:\\laragon\\laragon\\www\\sungoods\\vendor\\laravel\\framework\\src\\Illuminate\\Pipeline\\Pipeline.php(180): Illuminate\\Foundation\\Http\\Middleware\\ValidatePostSize->handle(Object(Illuminate\\Http\\Request), Object(Closure))
#43 D:\\laragon\\laragon\\www\\sungoods\\vendor\\laravel\\framework\\src\\Illuminate\\Foundation\\Http\\Middleware\\PreventRequestsDuringMaintenance.php(86): Illuminate\\Pipeline\\Pipeline->Illuminate\\Pipeline\\{closure}(Object(Illuminate\\Http\\Request))
#44 D:\\laragon\\laragon\\www\\sungoods\\vendor\\laravel\\framework\\src\\Illuminate\\Pipeline\\Pipeline.php(180): Illuminate\\Foundation\\Http\\Middleware\\PreventRequestsDuringMaintenance->handle(Object(Illuminate\\Http\\Request), Object(Closure))
#45 D:\\laragon\\laragon\\www\\sungoods\\vendor\\laravel\\framework\\src\\Illuminate\\Http\\Middleware\\HandleCors.php(49): Illuminate\\Pipeline\\Pipeline->Illuminate\\Pipeline\\{closure}(Object(Illuminate\\Http\\Request))
#46 D:\\laragon\\laragon\\www\\sungoods\\vendor\\laravel\\framework\\src\\Illuminate\\Pipeline\\Pipeline.php(180): Illuminate\\Http\\Middleware\\HandleCors->handle(Object(Illuminate\\Http\\Request), Object(Closure))
#47 D:\\laragon\\laragon\\www\\sungoods\\vendor\\laravel\\framework\\src\\Illuminate\\Http\\Middleware\\TrustProxies.php(39): Illuminate\\Pipeline\\Pipeline->Illuminate\\Pipeline\\{closure}(Object(Illuminate\\Http\\Request))
#48 D:\\laragon\\laragon\\www\\sungoods\\vendor\\laravel\\framework\\src\\Illuminate\\Pipeline\\Pipeline.php(180): Illuminate\\Http\\Middleware\\TrustProxies->handle(Object(Illuminate\\Http\\Request), Object(Closure))
#49 D:\\laragon\\laragon\\www\\sungoods\\vendor\\laravel\\framework\\src\\Illuminate\\Pipeline\\Pipeline.php(116): Illuminate\\Pipeline\\Pipeline->Illuminate\\Pipeline\\{closure}(Object(Illuminate\\Http\\Request))
#50 D:\\laragon\\laragon\\www\\sungoods\\vendor\\laravel\\framework\\src\\Illuminate\\Foundation\\Http\\Kernel.php(165): Illuminate\\Pipeline\\Pipeline->then(Object(Closure))
#51 D:\\laragon\\laragon\\www\\sungoods\\vendor\\laravel\\framework\\src\\Illuminate\\Foundation\\Http\\Kernel.php(134): Illuminate\\Foundation\\Http\\Kernel->sendRequestThroughRouter(Object(Illuminate\\Http\\Request))
#52 D:\\laragon\\laragon\\www\\sungoods\\public\\index.php(51): Illuminate\\Foundation\\Http\\Kernel->handle(Object(Illuminate\\Http\\Request))
#53 {main}
"} 
[2026-04-22 07:48:11] production.ERROR: SQLSTATE[HY000] [1045] Access denied for user 'forge'@'localhost' (using password: YES) (SQL: select * from `menus` where `active` = 1 and `type` = header_menu order by `drag_id` asc, `created_at` desc) {"exception":"[object] (Illuminate\\Database\\QueryException(code: 1045): SQLSTATE[HY000] [1045] Access denied for user 'forge'@'localhost' (using password: YES) (SQL: select * from `menus` where `active` = 1 and `type` = header_menu order by `drag_id` asc, `created_at` desc) at D:\\laragon\\laragon\\www\\sungoods\\vendor\\laravel\\framework\\src\\Illuminate\\Database\\Connection.php:760)
[stacktrace]
#0 D:\\laragon\\laragon\\www\\sungoods\\vendor\\laravel\\framework\\src\\Illuminate\\Database\\Connection.php(720): Illuminate\\Database\\Connection->runQueryCallback('select * from `...', Array, Object(Closure))
#1 D:\\laragon\\laragon\\www\\sungoods\\vendor\\laravel\\framework\\src\\Illuminate\\Database\\Connection.php(405): Illuminate\\Database\\Connection->run('select * from `...', Array, Object(Closure))
#2 D:\\laragon\\laragon\\www\\sungoods\\vendor\\laravel\\framework\\src\\Illuminate\\Database\\Query\\Builder.php(2705): Illuminate\\Database\\Connection->select('select * from `...', Array, true)
#3 D:\\laragon\\laragon\\www\\sungoods\\vendor\\laravel\\framework\\src\\Illuminate\\Database\\Query\\Builder.php(2694): Illuminate\\Database\\Query\\Builder->runSelect()
#4 D:\\laragon\\laragon\\www\\sungoods\\vendor\\laravel\\framework\\src\\Illuminate\\Database\\Query\\Builder.php(3230): Illuminate\\Database\\Query\\Builder->Illuminate\\Database\\Query\\{closure}()
#5 D:\\laragon\\laragon\\www\\sungoods\\vendor\\laravel\\framework\\src\\Illuminate\\Database\\Query\\Builder.php(2693): Illuminate\\Database\\Query\\Builder->onceWithColumns(Array, Object(Closure))
#6 D:\\laragon\\laragon\\www\\sungoods\\vendor\\laravel\\framework\\src\\Illuminate\\Database\\Eloquent\\Builder.php(710): Illuminate\\Database\\Query\\Builder->get(Array)
#7 D:\\laragon\\laragon\\www\\sungoods\\vendor\\laravel\\framework\\src\\Illuminate\\Database\\Eloquent\\Builder.php(694): Illuminate\\Database\\Eloquent\\Builder->getModels(Array)
#8 D:\\laragon\\laragon\\www\\sungoods\\app\\Providers\\AppServiceProvider.php(40): Illuminate\\Database\\Eloquent\\Builder->get()
#9 D:\\laragon\\laragon\\www\\sungoods\\vendor\\laravel\\framework\\src\\Illuminate\\View\\Concerns\\ManagesEvents.php(162): App\\Providers\\AppServiceProvider->App\\Providers\\{closure}(Object(Illuminate\\View\\View))
#10 D:\\laragon\\laragon\\www\\sungoods\\vendor\\laravel\\framework\\src\\Illuminate\\Events\\Dispatcher.php(418): Illuminate\\View\\Factory->Illuminate\\View\\Concerns\\{closure}('composing: erro...', Array)
#11 D:\\laragon\\laragon\\www\\sungoods\\vendor\\laravel\\framework\\src\\Illuminate\\Events\\Dispatcher.php(249): Illuminate\\Events\\Dispatcher->Illuminate\\Events\\{closure}('composing: erro...', Array)
#12 D:\\laragon\\laragon\\www\\sungoods\\vendor\\laravel\\framework\\src\\Illuminate\\View\\Concerns\\ManagesEvents.php(177): Illuminate\\Events\\Dispatcher->dispatch('composing: erro...', Array)
#13 D:\\laragon\\laragon\\www\\sungoods\\vendor\\laravel\\framework\\src\\Illuminate\\View\\View.php(176): Illuminate\\View\\Factory->callComposer(Object(Illuminate\\View\\View))
#14 D:\\laragon\\laragon\\www\\sungoods\\vendor\\laravel\\framework\\src\\Illuminate\\View\\View.php(147): Illuminate\\View\\View->renderContents()
#15 D:\\laragon\\laragon\\www\\sungoods\\vendor\\laravel\\framework\\src\\Illuminate\\Http\\Response.php(69): Illuminate\\View\\View->render()
#16 D:\\laragon\\laragon\\www\\sungoods\\vendor\\laravel\\framework\\src\\Illuminate\\Http\\Response.php(35): Illuminate\\Http\\Response->setContent(Object(Illuminate\\View\\View))
#17 D:\\laragon\\laragon\\www\\sungoods\\vendor\\laravel\\framework\\src\\Illuminate\\Routing\\ResponseFactory.php(57): Illuminate\\Http\\Response->__construct(Object(Illuminate\\View\\View), 500, Array)
#18 D:\\laragon\\laragon\\www\\sungoods\\vendor\\laravel\\framework\\src\\Illuminate\\Routing\\ResponseFactory.php(87): Illuminate\\Routing\\ResponseFactory->make(Object(Illuminate\\View\\View), 500, Array)
#19 D:\\laragon\\laragon\\www\\sungoods\\vendor\\laravel\\framework\\src\\Illuminate\\Foundation\\Exceptions\\Handler.php(626): Illuminate\\Routing\\ResponseFactory->view('errors::500', Array, 500, Array)
#20 D:\\laragon\\laragon\\www\\sungoods\\vendor\\laravel\\framework\\src\\Illuminate\\Foundation\\Exceptions\\Handler.php(554): Illuminate\\Foundation\\Exceptions\\Handler->renderHttpException(Object(Symfony\\Component\\HttpKernel\\Exception\\HttpException))
#21 D:\\laragon\\laragon\\www\\sungoods\\vendor\\laravel\\framework\\src\\Illuminate\\Foundation\\Exceptions\\Handler.php(460): Illuminate\\Foundation\\Exceptions\\Handler->prepareResponse(Object(Illuminate\\Http\\Request), Object(Symfony\\Component\\HttpKernel\\Exception\\HttpException))
#22 D:\\laragon\\laragon\\www\\sungoods\\vendor\\laravel\\framework\\src\\Illuminate\\Foundation\\Exceptions\\Handler.php(377): Illuminate\\Foundation\\Exceptions\\Handler->renderExceptionResponse(Object(Illuminate\\Http\\Request), Object(Illuminate\\Database\\QueryException))
#23 D:\\laragon\\laragon\\www\\sungoods\\vendor\\laravel\\framework\\src\\Illuminate\\Routing\\Pipeline.php(51): Illuminate\\Foundation\\Exceptions\\Handler->render(Object(Illuminate\\Http\\Request), Object(Illuminate\\Database\\QueryException))
#24 D:\\laragon\\laragon\\www\\sungoods\\vendor\\laravel\\framework\\src\\Illuminate\\Pipeline\\Pipeline.php(185): Illuminate\\Routing\\Pipeline->handleException(Object(Illuminate\\Http\\Request), Object(Illuminate\\Database\\QueryException))
#25 D:\\laragon\\laragon\\www\\sungoods\\vendor\\laravel\\framework\\src\\Illuminate\\Foundation\\Http\\Middleware\\TransformsRequest.php(21): Illuminate\\Pipeline\\Pipeline->Illuminate\\Pipeline\\{closure}(Object(Illuminate\\Http\\Request))
#26 D:\\laragon\\laragon\\www\\sungoods\\vendor\\laravel\\framework\\src\\Illuminate\\Foundation\\Http\\Middleware\\TrimStrings.php(40): Illuminate\\Foundation\\Http\\Middleware\\TransformsRequest->handle(Object(Illuminate\\Http\\Request), Object(Closure))
#27 D:\\laragon\\laragon\\www\\sungoods\\vendor\\laravel\\framework\\src\\Illuminate\\Pipeline\\Pipeline.php(180): Illuminate\\Foundation\\Http\\Middleware\\TrimStrings->handle(Object(Illuminate\\Http\\Request), Object(Closure))
#28 D:\\laragon\\laragon\\www\\sungoods\\vendor\\laravel\\framework\\src\\Illuminate\\Foundation\\Http\\Middleware\\ValidatePostSize.php(27): Illuminate\\Pipeline\\Pipeline->Illuminate\\Pipeline\\{closure}(Object(Illuminate\\Http\\Request))
#29 D:\\laragon\\laragon\\www\\sungoods\\vendor\\laravel\\framework\\src\\Illuminate\\Pipeline\\Pipeline.php(180): Illuminate\\Foundation\\Http\\Middleware\\ValidatePostSize->handle(Object(Illuminate\\Http\\Request), Object(Closure))
#30 D:\\laragon\\laragon\\www\\sungoods\\vendor\\laravel\\framework\\src\\Illuminate\\Foundation\\Http\\Middleware\\PreventRequestsDuringMaintenance.php(86): Illuminate\\Pipeline\\Pipeline->Illuminate\\Pipeline\\{closure}(Object(Illuminate\\Http\\Request))
#31 D:\\laragon\\laragon\\www\\sungoods\\vendor\\laravel\\framework\\src\\Illuminate\\Pipeline\\Pipeline.php(180): Illuminate\\Foundation\\Http\\Middleware\\PreventRequestsDuringMaintenance->handle(Object(Illuminate\\Http\\Request), Object(Closure))
#32 D:\\laragon\\laragon\\www\\sungoods\\vendor\\laravel\\framework\\src\\Illuminate\\Http\\Middleware\\HandleCors.php(49): Illuminate\\Pipeline\\Pipeline->Illuminate\\Pipeline\\{closure}(Object(Illuminate\\Http\\Request))
#33 D:\\laragon\\laragon\\www\\sungoods\\vendor\\laravel\\framework\\src\\Illuminate\\Pipeline\\Pipeline.php(180): Illuminate\\Http\\Middleware\\HandleCors->handle(Object(Illuminate\\Http\\Request), Object(Closure))
#34 D:\\laragon\\laragon\\www\\sungoods\\vendor\\laravel\\framework\\src\\Illuminate\\Http\\Middleware\\TrustProxies.php(39): Illuminate\\Pipeline\\Pipeline->Illuminate\\Pipeline\\{closure}(Object(Illuminate\\Http\\Request))
#35 D:\\laragon\\laragon\\www\\sungoods\\vendor\\laravel\\framework\\src\\Illuminate\\Pipeline\\Pipeline.php(180): Illuminate\\Http\\Middleware\\TrustProxies->handle(Object(Illuminate\\Http\\Request), Object(Closure))
#36 D:\\laragon\\laragon\\www\\sungoods\\vendor\\laravel\\framework\\src\\Illuminate\\Pipeline\\Pipeline.php(116): Illuminate\\Pipeline\\Pipeline->Illuminate\\Pipeline\\{closure}(Object(Illuminate\\Http\\Request))
#37 D:\\laragon\\laragon\\www\\sungoods\\vendor\\laravel\\framework\\src\\Illuminate\\Foundation\\Http\\Kernel.php(165): Illuminate\\Pipeline\\Pipeline->then(Object(Closure))
#38 D:\\laragon\\laragon\\www\\sungoods\\vendor\\laravel\\framework\\src\\Illuminate\\Foundation\\Http\\Kernel.php(134): Illuminate\\Foundation\\Http\\Kernel->sendRequestThroughRouter(Object(Illuminate\\Http\\Request))
#39 D:\\laragon\\laragon\\www\\sungoods\\public\\index.php(51): Illuminate\\Foundation\\Http\\Kernel->handle(Object(Illuminate\\Http\\Request))
#40 {main}

[previous exception] [object] (PDOException(code: 1045): SQLSTATE[HY000] [1045] Access denied for user 'forge'@'localhost' (using password: YES) at D:\\laragon\\laragon\\www\\sungoods\\vendor\\laravel\\framework\\src\\Illuminate\\Database\\Connectors\\Connector.php:70)
[stacktrace]
#0 D:\\laragon\\laragon\\www\\sungoods\\vendor\\laravel\\framework\\src\\Illuminate\\Database\\Connectors\\Connector.php(70): PDO->__construct('mysql:host=127....', 'forge', Object(SensitiveParameterValue), Array)
#1 D:\\laragon\\laragon\\www\\sungoods\\vendor\\laravel\\framework\\src\\Illuminate\\Database\\Connectors\\Connector.php(45): Illuminate\\Database\\Connectors\\Connector->createPdoConnection('mysql:host=127....', 'forge', '', Array)
#2 D:\\laragon\\laragon\\www\\sungoods\\vendor\\laravel\\framework\\src\\Illuminate\\Database\\Connectors\\MySqlConnector.php(24): Illuminate\\Database\\Connectors\\Connector->createConnection('mysql:host=127....', Array, Array)
#3 D:\\laragon\\laragon\\www\\sungoods\\vendor\\laravel\\framework\\src\\Illuminate\\Database\\Connectors\\ConnectionFactory.php(184): Illuminate\\Database\\Connectors\\MySqlConnector->connect(Array)
#4 [internal function]: Illuminate\\Database\\Connectors\\ConnectionFactory->Illuminate\\Database\\Connectors\\{closure}()
#5 D:\\laragon\\laragon\\www\\sungoods\\vendor\\laravel\\framework\\src\\Illuminate\\Database\\Connection.php(1181): call_user_func(Object(Closure))
#6 D:\\laragon\\laragon\\www\\sungoods\\vendor\\laravel\\framework\\src\\Illuminate\\Database\\Connection.php(1217): Illuminate\\Database\\Connection->getPdo()
#7 D:\\laragon\\laragon\\www\\sungoods\\vendor\\laravel\\framework\\src\\Illuminate\\Database\\Connection.php(486): Illuminate\\Database\\Connection->getReadPdo()
#8 D:\\laragon\\laragon\\www\\sungoods\\vendor\\laravel\\framework\\src\\Illuminate\\Database\\Connection.php(414): Illuminate\\Database\\Connection->getPdoForSelect(true)
#9 D:\\laragon\\laragon\\www\\sungoods\\vendor\\laravel\\framework\\src\\Illuminate\\Database\\Connection.php(753): Illuminate\\Database\\Connection->Illuminate\\Database\\{closure}('select * from `...', Array)
#10 D:\\laragon\\laragon\\www\\sungoods\\vendor\\laravel\\framework\\src\\Illuminate\\Database\\Connection.php(720): Illuminate\\Database\\Connection->runQueryCallback('select * from `...', Array, Object(Closure))
#11 D:\\laragon\\laragon\\www\\sungoods\\vendor\\laravel\\framework\\src\\Illuminate\\Database\\Connection.php(405): Illuminate\\Database\\Connection->run('select * from `...', Array, Object(Closure))
#12 D:\\laragon\\laragon\\www\\sungoods\\vendor\\laravel\\framework\\src\\Illuminate\\Database\\Query\\Builder.php(2705): Illuminate\\Database\\Connection->select('select * from `...', Array, true)
#13 D:\\laragon\\laragon\\www\\sungoods\\vendor\\laravel\\framework\\src\\Illuminate\\Database\\Query\\Builder.php(2694): Illuminate\\Database\\Query\\Builder->runSelect()
#14 D:\\laragon\\laragon\\www\\sungoods\\vendor\\laravel\\framework\\src\\Illuminate\\Database\\Query\\Builder.php(3230): Illuminate\\Database\\Query\\Builder->Illuminate\\Database\\Query\\{closure}()
#15 D:\\laragon\\laragon\\www\\sungoods\\vendor\\laravel\\framework\\src\\Illuminate\\Database\\Query\\Builder.php(2693): Illuminate\\Database\\Query\\Builder->onceWithColumns(Array, Object(Closure))
#16 D:\\laragon\\laragon\\www\\sungoods\\vendor\\laravel\\framework\\src\\Illuminate\\Database\\Eloquent\\Builder.php(710): Illuminate\\Database\\Query\\Builder->get(Array)
#17 D:\\laragon\\laragon\\www\\sungoods\\vendor\\laravel\\framework\\src\\Illuminate\\Database\\Eloquent\\Builder.php(694): Illuminate\\Database\\Eloquent\\Builder->getModels(Array)
#18 D:\\laragon\\laragon\\www\\sungoods\\app\\Providers\\AppServiceProvider.php(40): Illuminate\\Database\\Eloquent\\Builder->get()
#19 D:\\laragon\\laragon\\www\\sungoods\\vendor\\laravel\\framework\\src\\Illuminate\\View\\Concerns\\ManagesEvents.php(162): App\\Providers\\AppServiceProvider->App\\Providers\\{closure}(Object(Illuminate\\View\\View))
#20 D:\\laragon\\laragon\\www\\sungoods\\vendor\\laravel\\framework\\src\\Illuminate\\Events\\Dispatcher.php(418): Illuminate\\View\\Factory->Illuminate\\View\\Concerns\\{closure}('composing: erro...', Array)
#21 D:\\laragon\\laragon\\www\\sungoods\\vendor\\laravel\\framework\\src\\Illuminate\\Events\\Dispatcher.php(249): Illuminate\\Events\\Dispatcher->Illuminate\\Events\\{closure}('composing: erro...', Array)
#22 D:\\laragon\\laragon\\www\\sungoods\\vendor\\laravel\\framework\\src\\Illuminate\\View\\Concerns\\ManagesEvents.php(177): Illuminate\\Events\\Dispatcher->dispatch('composing: erro...', Array)
#23 D:\\laragon\\laragon\\www\\sungoods\\vendor\\laravel\\framework\\src\\Illuminate\\View\\View.php(176): Illuminate\\View\\Factory->callComposer(Object(Illuminate\\View\\View))
#24 D:\\laragon\\laragon\\www\\sungoods\\vendor\\laravel\\framework\\src\\Illuminate\\View\\View.php(147): Illuminate\\View\\View->renderContents()
#25 D:\\laragon\\laragon\\www\\sungoods\\vendor\\laravel\\framework\\src\\Illuminate\\Http\\Response.php(69): Illuminate\\View\\View->render()
#26 D:\\laragon\\laragon\\www\\sungoods\\vendor\\laravel\\framework\\src\\Illuminate\\Http\\Response.php(35): Illuminate\\Http\\Response->setContent(Object(Illuminate\\View\\View))
#27 D:\\laragon\\laragon\\www\\sungoods\\vendor\\laravel\\framework\\src\\Illuminate\\Routing\\ResponseFactory.php(57): Illuminate\\Http\\Response->__construct(Object(Illuminate\\View\\View), 500, Array)
#28 D:\\laragon\\laragon\\www\\sungoods\\vendor\\laravel\\framework\\src\\Illuminate\\Routing\\ResponseFactory.php(87): Illuminate\\Routing\\ResponseFactory->make(Object(Illuminate\\View\\View), 500, Array)
#29 D:\\laragon\\laragon\\www\\sungoods\\vendor\\laravel\\framework\\src\\Illuminate\\Foundation\\Exceptions\\Handler.php(626): Illuminate\\Routing\\ResponseFactory->view('errors::500', Array, 500, Array)
#30 D:\\laragon\\laragon\\www\\sungoods\\vendor\\laravel\\framework\\src\\Illuminate\\Foundation\\Exceptions\\Handler.php(554): Illuminate\\Foundation\\Exceptions\\Handler->renderHttpException(Object(Symfony\\Component\\HttpKernel\\Exception\\HttpException))
#31 D:\\laragon\\laragon\\www\\sungoods\\vendor\\laravel\\framework\\src\\Illuminate\\Foundation\\Exceptions\\Handler.php(460): Illuminate\\Foundation\\Exceptions\\Handler->prepareResponse(Object(Illuminate\\Http\\Request), Object(Symfony\\Component\\HttpKernel\\Exception\\HttpException))
#32 D:\\laragon\\laragon\\www\\sungoods\\vendor\\laravel\\framework\\src\\Illuminate\\Foundation\\Exceptions\\Handler.php(377): Illuminate\\Foundation\\Exceptions\\Handler->renderExceptionResponse(Object(Illuminate\\Http\\Request), Object(Illuminate\\Database\\QueryException))
#33 D:\\laragon\\laragon\\www\\sungoods\\vendor\\laravel\\framework\\src\\Illuminate\\Routing\\Pipeline.php(51): Illuminate\\Foundation\\Exceptions\\Handler->render(Object(Illuminate\\Http\\Request), Object(Illuminate\\Database\\QueryException))
#34 D:\\laragon\\laragon\\www\\sungoods\\vendor\\laravel\\framework\\src\\Illuminate\\Pipeline\\Pipeline.php(185): Illuminate\\Routing\\Pipeline->handleException(Object(Illuminate\\Http\\Request), Object(Illuminate\\Database\\QueryException))
#35 D:\\laragon\\laragon\\www\\sungoods\\vendor\\laravel\\framework\\src\\Illuminate\\Foundation\\Http\\Middleware\\TransformsRequest.php(21): Illuminate\\Pipeline\\Pipeline->Illuminate\\Pipeline\\{closure}(Object(Illuminate\\Http\\Request))
#36 D:\\laragon\\laragon\\www\\sungoods\\vendor\\laravel\\framework\\src\\Illuminate\\Foundation\\Http\\Middleware\\TrimStrings.php(40): Illuminate\\Foundation\\Http\\Middleware\\TransformsRequest->handle(Object(Illuminate\\Http\\Request), Object(Closure))
#37 D:\\laragon\\laragon\\www\\sungoods\\vendor\\laravel\\framework\\src\\Illuminate\\Pipeline\\Pipeline.php(180): Illuminate\\Foundation\\Http\\Middleware\\TrimStrings->handle(Object(Illuminate\\Http\\Request), Object(Closure))
#38 D:\\laragon\\laragon\\www\\sungoods\\vendor\\laravel\\framework\\src\\Illuminate\\Foundation\\Http\\Middleware\\ValidatePostSize.php(27): Illuminate\\Pipeline\\Pipeline->Illuminate\\Pipeline\\{closure}(Object(Illuminate\\Http\\Request))
#39 D:\\laragon\\laragon\\www\\sungoods\\vendor\\laravel\\framework\\src\\Illuminate\\Pipeline\\Pipeline.php(180): Illuminate\\Foundation\\Http\\Middleware\\ValidatePostSize->handle(Object(Illuminate\\Http\\Request), Object(Closure))
#40 D:\\laragon\\laragon\\www\\sungoods\\vendor\\laravel\\framework\\src\\Illuminate\\Foundation\\Http\\Middleware\\PreventRequestsDuringMaintenance.php(86): Illuminate\\Pipeline\\Pipeline->Illuminate\\Pipeline\\{closure}(Object(Illuminate\\Http\\Request))
#41 D:\\laragon\\laragon\\www\\sungoods\\vendor\\laravel\\framework\\src\\Illuminate\\Pipeline\\Pipeline.php(180): Illuminate\\Foundation\\Http\\Middleware\\PreventRequestsDuringMaintenance->handle(Object(Illuminate\\Http\\Request), Object(Closure))
#42 D:\\laragon\\laragon\\www\\sungoods\\vendor\\laravel\\framework\\src\\Illuminate\\Http\\Middleware\\HandleCors.php(49): Illuminate\\Pipeline\\Pipeline->Illuminate\\Pipeline\\{closure}(Object(Illuminate\\Http\\Request))
#43 D:\\laragon\\laragon\\www\\sungoods\\vendor\\laravel\\framework\\src\\Illuminate\\Pipeline\\Pipeline.php(180): Illuminate\\Http\\Middleware\\HandleCors->handle(Object(Illuminate\\Http\\Request), Object(Closure))
#44 D:\\laragon\\laragon\\www\\sungoods\\vendor\\laravel\\framework\\src\\Illuminate\\Http\\Middleware\\TrustProxies.php(39): Illuminate\\Pipeline\\Pipeline->Illuminate\\Pipeline\\{closure}(Object(Illuminate\\Http\\Request))
#45 D:\\laragon\\laragon\\www\\sungoods\\vendor\\laravel\\framework\\src\\Illuminate\\Pipeline\\Pipeline.php(180): Illuminate\\Http\\Middleware\\TrustProxies->handle(Object(Illuminate\\Http\\Request), Object(Closure))
#46 D:\\laragon\\laragon\\www\\sungoods\\vendor\\laravel\\framework\\src\\Illuminate\\Pipeline\\Pipeline.php(116): Illuminate\\Pipeline\\Pipeline->Illuminate\\Pipeline\\{closure}(Object(Illuminate\\Http\\Request))
#47 D:\\laragon\\laragon\\www\\sungoods\\vendor\\laravel\\framework\\src\\Illuminate\\Foundation\\Http\\Kernel.php(165): Illuminate\\Pipeline\\Pipeline->then(Object(Closure))
#48 D:\\laragon\\laragon\\www\\sungoods\\vendor\\laravel\\framework\\src\\Illuminate\\Foundation\\Http\\Kernel.php(134): Illuminate\\Foundation\\Http\\Kernel->sendRequestThroughRouter(Object(Illuminate\\Http\\Request))
#49 D:\\laragon\\laragon\\www\\sungoods\\public\\index.php(51): Illuminate\\Foundation\\Http\\Kernel->handle(Object(Illuminate\\Http\\Request))
#50 {main}
"} 
[2026-04-22 07:48:11] production.ERROR: SQLSTATE[HY000] [1045] Access denied for user 'forge'@'localhost' (using password: YES) (SQL: select * from `menus` where `active` = 1 and `type` = header_menu order by `drag_id` asc, `created_at` desc) {"exception":"[object] (Illuminate\\Database\\QueryException(code: 1045): SQLSTATE[HY000] [1045] Access denied for user 'forge'@'localhost' (using password: YES) (SQL: select * from `menus` where `active` = 1 and `type` = header_menu order by `drag_id` asc, `created_at` desc) at D:\\laragon\\laragon\\www\\sungoods\\vendor\\laravel\\framework\\src\\Illuminate\\Database\\Connection.php:760)
[stacktrace]
#0 D:\\laragon\\laragon\\www\\sungoods\\vendor\\laravel\\framework\\src\\Illuminate\\Database\\Connection.php(720): Illuminate\\Database\\Connection->runQueryCallback('select * from `...', Array, Object(Closure))
#1 D:\\laragon\\laragon\\www\\sungoods\\vendor\\laravel\\framework\\src\\Illuminate\\Database\\Connection.php(405): Illuminate\\Database\\Connection->run('select * from `...', Array, Object(Closure))
#2 D:\\laragon\\laragon\\www\\sungoods\\vendor\\laravel\\framework\\src\\Illuminate\\Database\\Query\\Builder.php(2705): Illuminate\\Database\\Connection->select('select * from `...', Array, true)
#3 D:\\laragon\\laragon\\www\\sungoods\\vendor\\laravel\\framework\\src\\Illuminate\\Database\\Query\\Builder.php(2694): Illuminate\\Database\\Query\\Builder->runSelect()
#4 D:\\laragon\\laragon\\www\\sungoods\\vendor\\laravel\\framework\\src\\Illuminate\\Database\\Query\\Builder.php(3230): Illuminate\\Database\\Query\\Builder->Illuminate\\Database\\Query\\{closure}()
#5 D:\\laragon\\laragon\\www\\sungoods\\vendor\\laravel\\framework\\src\\Illuminate\\Database\\Query\\Builder.php(2693): Illuminate\\Database\\Query\\Builder->onceWithColumns(Array, Object(Closure))
#6 D:\\laragon\\laragon\\www\\sungoods\\vendor\\laravel\\framework\\src\\Illuminate\\Database\\Eloquent\\Builder.php(710): Illuminate\\Database\\Query\\Builder->get(Array)
#7 D:\\laragon\\laragon\\www\\sungoods\\vendor\\laravel\\framework\\src\\Illuminate\\Database\\Eloquent\\Builder.php(694): Illuminate\\Database\\Eloquent\\Builder->getModels(Array)
#8 D:\\laragon\\laragon\\www\\sungoods\\app\\Providers\\AppServiceProvider.php(40): Illuminate\\Database\\Eloquent\\Builder->get()
#9 D:\\laragon\\laragon\\www\\sungoods\\vendor\\laravel\\framework\\src\\Illuminate\\View\\Concerns\\ManagesEvents.php(162): App\\Providers\\AppServiceProvider->App\\Providers\\{closure}(Object(Illuminate\\View\\View))
#10 D:\\laragon\\laragon\\www\\sungoods\\vendor\\laravel\\framework\\src\\Illuminate\\Events\\Dispatcher.php(418): Illuminate\\View\\Factory->Illuminate\\View\\Concerns\\{closure}('composing: erro...', Array)
#11 D:\\laragon\\laragon\\www\\sungoods\\vendor\\laravel\\framework\\src\\Illuminate\\Events\\Dispatcher.php(249): Illuminate\\Events\\Dispatcher->Illuminate\\Events\\{closure}('composing: erro...', Array)
#12 D:\\laragon\\laragon\\www\\sungoods\\vendor\\laravel\\framework\\src\\Illuminate\\View\\Concerns\\ManagesEvents.php(177): Illuminate\\Events\\Dispatcher->dispatch('composing: erro...', Array)
#13 D:\\laragon\\laragon\\www\\sungoods\\vendor\\laravel\\framework\\src\\Illuminate\\View\\View.php(176): Illuminate\\View\\Factory->callComposer(Object(Illuminate\\View\\View))
#14 D:\\laragon\\laragon\\www\\sungoods\\vendor\\laravel\\framework\\src\\Illuminate\\View\\View.php(147): Illuminate\\View\\View->renderContents()
#15 D:\\laragon\\laragon\\www\\sungoods\\vendor\\laravel\\framework\\src\\Illuminate\\Http\\Response.php(69): Illuminate\\View\\View->render()
#16 D:\\laragon\\laragon\\www\\sungoods\\vendor\\laravel\\framework\\src\\Illuminate\\Http\\Response.php(35): Illuminate\\Http\\Response->setContent(Object(Illuminate\\View\\View))
#17 D:\\laragon\\laragon\\www\\sungoods\\vendor\\laravel\\framework\\src\\Illuminate\\Routing\\ResponseFactory.php(57): Illuminate\\Http\\Response->__construct(Object(Illuminate\\View\\View), 500, Array)
#18 D:\\laragon\\laragon\\www\\sungoods\\vendor\\laravel\\framework\\src\\Illuminate\\Routing\\ResponseFactory.php(87): Illuminate\\Routing\\ResponseFactory->make(Object(Illuminate\\View\\View), 500, Array)
#19 D:\\laragon\\laragon\\www\\sungoods\\vendor\\laravel\\framework\\src\\Illuminate\\Foundation\\Exceptions\\Handler.php(626): Illuminate\\Routing\\ResponseFactory->view('errors::500', Array, 500, Array)
#20 D:\\laragon\\laragon\\www\\sungoods\\vendor\\laravel\\framework\\src\\Illuminate\\Foundation\\Exceptions\\Handler.php(554): Illuminate\\Foundation\\Exceptions\\Handler->renderHttpException(Object(Symfony\\Component\\HttpKernel\\Exception\\HttpException))
#21 D:\\laragon\\laragon\\www\\sungoods\\vendor\\laravel\\framework\\src\\Illuminate\\Foundation\\Exceptions\\Handler.php(460): Illuminate\\Foundation\\Exceptions\\Handler->prepareResponse(Object(Illuminate\\Http\\Request), Object(Symfony\\Component\\HttpKernel\\Exception\\HttpException))
#22 D:\\laragon\\laragon\\www\\sungoods\\vendor\\laravel\\framework\\src\\Illuminate\\Foundation\\Exceptions\\Handler.php(377): Illuminate\\Foundation\\Exceptions\\Handler->renderExceptionResponse(Object(Illuminate\\Http\\Request), Object(Illuminate\\Database\\QueryException))
#23 D:\\laragon\\laragon\\www\\sungoods\\vendor\\laravel\\framework\\src\\Illuminate\\Routing\\Pipeline.php(51): Illuminate\\Foundation\\Exceptions\\Handler->render(Object(Illuminate\\Http\\Request), Object(Illuminate\\Database\\QueryException))
#24 D:\\laragon\\laragon\\www\\sungoods\\vendor\\laravel\\framework\\src\\Illuminate\\Pipeline\\Pipeline.php(185): Illuminate\\Routing\\Pipeline->handleException(Object(Illuminate\\Http\\Request), Object(Illuminate\\Database\\QueryException))
#25 D:\\laragon\\laragon\\www\\sungoods\\vendor\\laravel\\framework\\src\\Illuminate\\Foundation\\Http\\Middleware\\ValidatePostSize.php(27): Illuminate\\Pipeline\\Pipeline->Illuminate\\Pipeline\\{closure}(Object(Illuminate\\Http\\Request))
#26 D:\\laragon\\laragon\\www\\sungoods\\vendor\\laravel\\framework\\src\\Illuminate\\Pipeline\\Pipeline.php(180): Illuminate\\Foundation\\Http\\Middleware\\ValidatePostSize->handle(Object(Illuminate\\Http\\Request), Object(Closure))
#27 D:\\laragon\\laragon\\www\\sungoods\\vendor\\laravel\\framework\\src\\Illuminate\\Foundation\\Http\\Middleware\\PreventRequestsDuringMaintenance.php(86): Illuminate\\Pipeline\\Pipeline->Illuminate\\Pipeline\\{closure}(Object(Illuminate\\Http\\Request))
#28 D:\\laragon\\laragon\\www\\sungoods\\vendor\\laravel\\framework\\src\\Illuminate\\Pipeline\\Pipeline.php(180): Illuminate\\Foundation\\Http\\Middleware\\PreventRequestsDuringMaintenance->handle(Object(Illuminate\\Http\\Request), Object(Closure))
#29 D:\\laragon\\laragon\\www\\sungoods\\vendor\\laravel\\framework\\src\\Illuminate\\Http\\Middleware\\HandleCors.php(49): Illuminate\\Pipeline\\Pipeline->Illuminate\\Pipeline\\{closure}(Object(Illuminate\\Http\\Request))
#30 D:\\laragon\\laragon\\www\\sungoods\\vendor\\laravel\\framework\\src\\Illuminate\\Pipeline\\Pipeline.php(180): Illuminate\\Http\\Middleware\\HandleCors->handle(Object(Illuminate\\Http\\Request), Object(Closure))
#31 D:\\laragon\\laragon\\www\\sungoods\\vendor\\laravel\\framework\\src\\Illuminate\\Http\\Middleware\\TrustProxies.php(39): Illuminate\\Pipeline\\Pipeline->Illuminate\\Pipeline\\{closure}(Object(Illuminate\\Http\\Request))
#32 D:\\laragon\\laragon\\www\\sungoods\\vendor\\laravel\\framework\\src\\Illuminate\\Pipeline\\Pipeline.php(180): Illuminate\\Http\\Middleware\\TrustProxies->handle(Object(Illuminate\\Http\\Request), Object(Closure))
#33 D:\\laragon\\laragon\\www\\sungoods\\vendor\\laravel\\framework\\src\\Illuminate\\Pipeline\\Pipeline.php(116): Illuminate\\Pipeline\\Pipeline->Illuminate\\Pipeline\\{closure}(Object(Illuminate\\Http\\Request))
#34 D:\\laragon\\laragon\\www\\sungoods\\vendor\\laravel\\framework\\src\\Illuminate\\Foundation\\Http\\Kernel.php(165): Illuminate\\Pipeline\\Pipeline->then(Object(Closure))
#35 D:\\laragon\\laragon\\www\\sungoods\\vendor\\laravel\\framework\\src\\Illuminate\\Foundation\\Http\\Kernel.php(134): Illuminate\\Foundation\\Http\\Kernel->sendRequestThroughRouter(Object(Illuminate\\Http\\Request))
#36 D:\\laragon\\laragon\\www\\sungoods\\public\\index.php(51): Illuminate\\Foundation\\Http\\Kernel->handle(Object(Illuminate\\Http\\Request))
#37 {main}

[previous exception] [object] (PDOException(code: 1045): SQLSTATE[HY000] [1045] Access denied for user 'forge'@'localhost' (using password: YES) at D:\\laragon\\laragon\\www\\sungoods\\vendor\\laravel\\framework\\src\\Illuminate\\Database\\Connectors\\Connector.php:70)
[stacktrace]
#0 D:\\laragon\\laragon\\www\\sungoods\\vendor\\laravel\\framework\\src\\Illuminate\\Database\\Connectors\\Connector.php(70): PDO->__construct('mysql:host=127....', 'forge', Object(SensitiveParameterValue), Array)
#1 D:\\laragon\\laragon\\www\\sungoods\\vendor\\laravel\\framework\\src\\Illuminate\\Database\\Connectors\\Connector.php(45): Illuminate\\Database\\Connectors\\Connector->createPdoConnection('mysql:host=127....', 'forge', '', Array)
#2 D:\\laragon\\laragon\\www\\sungoods\\vendor\\laravel\\framework\\src\\Illuminate\\Database\\Connectors\\MySqlConnector.php(24): Illuminate\\Database\\Connectors\\Connector->createConnection('mysql:host=127....', Array, Array)
#3 D:\\laragon\\laragon\\www\\sungoods\\vendor\\laravel\\framework\\src\\Illuminate\\Database\\Connectors\\ConnectionFactory.php(184): Illuminate\\Database\\Connectors\\MySqlConnector->connect(Array)
#4 [internal function]: Illuminate\\Database\\Connectors\\ConnectionFactory->Illuminate\\Database\\Connectors\\{closure}()
#5 D:\\laragon\\laragon\\www\\sungoods\\vendor\\laravel\\framework\\src\\Illuminate\\Database\\Connection.php(1181): call_user_func(Object(Closure))
#6 D:\\laragon\\laragon\\www\\sungoods\\vendor\\laravel\\framework\\src\\Illuminate\\Database\\Connection.php(1217): Illuminate\\Database\\Connection->getPdo()
#7 D:\\laragon\\laragon\\www\\sungoods\\vendor\\laravel\\framework\\src\\Illuminate\\Database\\Connection.php(486): Illuminate\\Database\\Connection->getReadPdo()
#8 D:\\laragon\\laragon\\www\\sungoods\\vendor\\laravel\\framework\\src\\Illuminate\\Database\\Connection.php(414): Illuminate\\Database\\Connection->getPdoForSelect(true)
#9 D:\\laragon\\laragon\\www\\sungoods\\vendor\\laravel\\framework\\src\\Illuminate\\Database\\Connection.php(753): Illuminate\\Database\\Connection->Illuminate\\Database\\{closure}('select * from `...', Array)
#10 D:\\laragon\\laragon\\www\\sungoods\\vendor\\laravel\\framework\\src\\Illuminate\\Database\\Connection.php(720): Illuminate\\Database\\Connection->runQueryCallback('select * from `...', Array, Object(Closure))
#11 D:\\laragon\\laragon\\www\\sungoods\\vendor\\laravel\\framework\\src\\Illuminate\\Database\\Connection.php(405): Illuminate\\Database\\Connection->run('select * from `...', Array, Object(Closure))
#12 D:\\laragon\\laragon\\www\\sungoods\\vendor\\laravel\\framework\\src\\Illuminate\\Database\\Query\\Builder.php(2705): Illuminate\\Database\\Connection->select('select * from `...', Array, true)
#13 D:\\laragon\\laragon\\www\\sungoods\\vendor\\laravel\\framework\\src\\Illuminate\\Database\\Query\\Builder.php(2694): Illuminate\\Database\\Query\\Builder->runSelect()
#14 D:\\laragon\\laragon\\www\\sungoods\\vendor\\laravel\\framework\\src\\Illuminate\\Database\\Query\\Builder.php(3230): Illuminate\\Database\\Query\\Builder->Illuminate\\Database\\Query\\{closure}()
#15 D:\\laragon\\laragon\\www\\sungoods\\vendor\\laravel\\framework\\src\\Illuminate\\Database\\Query\\Builder.php(2693): Illuminate\\Database\\Query\\Builder->onceWithColumns(Array, Object(Closure))
#16 D:\\laragon\\laragon\\www\\sungoods\\vendor\\laravel\\framework\\src\\Illuminate\\Database\\Eloquent\\Builder.php(710): Illuminate\\Database\\Query\\Builder->get(Array)
#17 D:\\laragon\\laragon\\www\\sungoods\\vendor\\laravel\\framework\\src\\Illuminate\\Database\\Eloquent\\Builder.php(694): Illuminate\\Database\\Eloquent\\Builder->getModels(Array)
#18 D:\\laragon\\laragon\\www\\sungoods\\app\\Providers\\AppServiceProvider.php(40): Illuminate\\Database\\Eloquent\\Builder->get()
#19 D:\\laragon\\laragon\\www\\sungoods\\vendor\\laravel\\framework\\src\\Illuminate\\View\\Concerns\\ManagesEvents.php(162): App\\Providers\\AppServiceProvider->App\\Providers\\{closure}(Object(Illuminate\\View\\View))
#20 D:\\laragon\\laragon\\www\\sungoods\\vendor\\laravel\\framework\\src\\Illuminate\\Events\\Dispatcher.php(418): Illuminate\\View\\Factory->Illuminate\\View\\Concerns\\{closure}('composing: erro...', Array)
#21 D:\\laragon\\laragon\\www\\sungoods\\vendor\\laravel\\framework\\src\\Illuminate\\Events\\Dispatcher.php(249): Illuminate\\Events\\Dispatcher->Illuminate\\Events\\{closure}('composing: erro...', Array)
#22 D:\\laragon\\laragon\\www\\sungoods\\vendor\\laravel\\framework\\src\\Illuminate\\View\\Concerns\\ManagesEvents.php(177): Illuminate\\Events\\Dispatcher->dispatch('composing: erro...', Array)
#23 D:\\laragon\\laragon\\www\\sungoods\\vendor\\laravel\\framework\\src\\Illuminate\\View\\View.php(176): Illuminate\\View\\Factory->callComposer(Object(Illuminate\\View\\View))
#24 D:\\laragon\\laragon\\www\\sungoods\\vendor\\laravel\\framework\\src\\Illuminate\\View\\View.php(147): Illuminate\\View\\View->renderContents()
#25 D:\\laragon\\laragon\\www\\sungoods\\vendor\\laravel\\framework\\src\\Illuminate\\Http\\Response.php(69): Illuminate\\View\\View->render()
#26 D:\\laragon\\laragon\\www\\sungoods\\vendor\\laravel\\framework\\src\\Illuminate\\Http\\Response.php(35): Illuminate\\Http\\Response->setContent(Object(Illuminate\\View\\View))
#27 D:\\laragon\\laragon\\www\\sungoods\\vendor\\laravel\\framework\\src\\Illuminate\\Routing\\ResponseFactory.php(57): Illuminate\\Http\\Response->__construct(Object(Illuminate\\View\\View), 500, Array)
#28 D:\\laragon\\laragon\\www\\sungoods\\vendor\\laravel\\framework\\src\\Illuminate\\Routing\\ResponseFactory.php(87): Illuminate\\Routing\\ResponseFactory->make(Object(Illuminate\\View\\View), 500, Array)
#29 D:\\laragon\\laragon\\www\\sungoods\\vendor\\laravel\\framework\\src\\Illuminate\\Foundation\\Exceptions\\Handler.php(626): Illuminate\\Routing\\ResponseFactory->view('errors::500', Array, 500, Array)
#30 D:\\laragon\\laragon\\www\\sungoods\\vendor\\laravel\\framework\\src\\Illuminate\\Foundation\\Exceptions\\Handler.php(554): Illuminate\\Foundation\\Exceptions\\Handler->renderHttpException(Object(Symfony\\Component\\HttpKernel\\Exception\\HttpException))
#31 D:\\laragon\\laragon\\www\\sungoods\\vendor\\laravel\\framework\\src\\Illuminate\\Foundation\\Exceptions\\Handler.php(460): Illuminate\\Foundation\\Exceptions\\Handler->prepareResponse(Object(Illuminate\\Http\\Request), Object(Symfony\\Component\\HttpKernel\\Exception\\HttpException))
#32 D:\\laragon\\laragon\\www\\sungoods\\vendor\\laravel\\framework\\src\\Illuminate\\Foundation\\Exceptions\\Handler.php(377): Illuminate\\Foundation\\Exceptions\\Handler->renderExceptionResponse(Object(Illuminate\\Http\\Request), Object(Illuminate\\Database\\QueryException))
#33 D:\\laragon\\laragon\\www\\sungoods\\vendor\\laravel\\framework\\src\\Illuminate\\Routing\\Pipeline.php(51): Illuminate\\Foundation\\Exceptions\\Handler->render(Object(Illuminate\\Http\\Request), Object(Illuminate\\Database\\QueryException))
#34 D:\\laragon\\laragon\\www\\sungoods\\vendor\\laravel\\framework\\src\\Illuminate\\Pipeline\\Pipeline.php(185): Illuminate\\Routing\\Pipeline->handleException(Object(Illuminate\\Http\\Request), Object(Illuminate\\Database\\QueryException))
#35 D:\\laragon\\laragon\\www\\sungoods\\vendor\\laravel\\framework\\src\\Illuminate\\Foundation\\Http\\Middleware\\ValidatePostSize.php(27): Illuminate\\Pipeline\\Pipeline->Illuminate\\Pipeline\\{closure}(Object(Illuminate\\Http\\Request))
#36 D:\\laragon\\laragon\\www\\sungoods\\vendor\\laravel\\framework\\src\\Illuminate\\Pipeline\\Pipeline.php(180): Illuminate\\Foundation\\Http\\Middleware\\ValidatePostSize->handle(Object(Illuminate\\Http\\Request), Object(Closure))
#37 D:\\laragon\\laragon\\www\\sungoods\\vendor\\laravel\\framework\\src\\Illuminate\\Foundation\\Http\\Middleware\\PreventRequestsDuringMaintenance.php(86): Illuminate\\Pipeline\\Pipeline->Illuminate\\Pipeline\\{closure}(Object(Illuminate\\Http\\Request))
#38 D:\\laragon\\laragon\\www\\sungoods\\vendor\\laravel\\framework\\src\\Illuminate\\Pipeline\\Pipeline.php(180): Illuminate\\Foundation\\Http\\Middleware\\PreventRequestsDuringMaintenance->handle(Object(Illuminate\\Http\\Request), Object(Closure))
#39 D:\\laragon\\laragon\\www\\sungoods\\vendor\\laravel\\framework\\src\\Illuminate\\Http\\Middleware\\HandleCors.php(49): Illuminate\\Pipeline\\Pipeline->Illuminate\\Pipeline\\{closure}(Object(Illuminate\\Http\\Request))
#40 D:\\laragon\\laragon\\www\\sungoods\\vendor\\laravel\\framework\\src\\Illuminate\\Pipeline\\Pipeline.php(180): Illuminate\\Http\\Middleware\\HandleCors->handle(Object(Illuminate\\Http\\Request), Object(Closure))
#41 D:\\laragon\\laragon\\www\\sungoods\\vendor\\laravel\\framework\\src\\Illuminate\\Http\\Middleware\\TrustProxies.php(39): Illuminate\\Pipeline\\Pipeline->Illuminate\\Pipeline\\{closure}(Object(Illuminate\\Http\\Request))
#42 D:\\laragon\\laragon\\www\\sungoods\\vendor\\laravel\\framework\\src\\Illuminate\\Pipeline\\Pipeline.php(180): Illuminate\\Http\\Middleware\\TrustProxies->handle(Object(Illuminate\\Http\\Request), Object(Closure))
#43 D:\\laragon\\laragon\\www\\sungoods\\vendor\\laravel\\framework\\src\\Illuminate\\Pipeline\\Pipeline.php(116): Illuminate\\Pipeline\\Pipeline->Illuminate\\Pipeline\\{closure}(Object(Illuminate\\Http\\Request))
#44 D:\\laragon\\laragon\\www\\sungoods\\vendor\\laravel\\framework\\src\\Illuminate\\Foundation\\Http\\Kernel.php(165): Illuminate\\Pipeline\\Pipeline->then(Object(Closure))
#45 D:\\laragon\\laragon\\www\\sungoods\\vendor\\laravel\\framework\\src\\Illuminate\\Foundation\\Http\\Kernel.php(134): Illuminate\\Foundation\\Http\\Kernel->sendRequestThroughRouter(Object(Illuminate\\Http\\Request))
#46 D:\\laragon\\laragon\\www\\sungoods\\public\\index.php(51): Illuminate\\Foundation\\Http\\Kernel->handle(Object(Illuminate\\Http\\Request))
#47 {main}
"} 
[2026-04-22 07:48:11] production.ERROR: SQLSTATE[HY000] [1045] Access denied for user 'forge'@'localhost' (using password: YES) (SQL: select * from `menus` where `active` = 1 and `type` = header_menu order by `drag_id` asc, `created_at` desc) {"exception":"[object] (Illuminate\\Database\\QueryException(code: 1045): SQLSTATE[HY000] [1045] Access denied for user 'forge'@'localhost' (using password: YES) (SQL: select * from `menus` where `active` = 1 and `type` = header_menu order by `drag_id` asc, `created_at` desc) at D:\\laragon\\laragon\\www\\sungoods\\vendor\\laravel\\framework\\src\\Illuminate\\Database\\Connection.php:760)
[stacktrace]
#0 D:\\laragon\\laragon\\www\\sungoods\\vendor\\laravel\\framework\\src\\Illuminate\\Database\\Connection.php(720): Illuminate\\Database\\Connection->runQueryCallback('select * from `...', Array, Object(Closure))
#1 D:\\laragon\\laragon\\www\\sungoods\\vendor\\laravel\\framework\\src\\Illuminate\\Database\\Connection.php(405): Illuminate\\Database\\Connection->run('select * from `...', Array, Object(Closure))
#2 D:\\laragon\\laragon\\www\\sungoods\\vendor\\laravel\\framework\\src\\Illuminate\\Database\\Query\\Builder.php(2705): Illuminate\\Database\\Connection->select('select * from `...', Array, true)
#3 D:\\laragon\\laragon\\www\\sungoods\\vendor\\laravel\\framework\\src\\Illuminate\\Database\\Query\\Builder.php(2694): Illuminate\\Database\\Query\\Builder->runSelect()
#4 D:\\laragon\\laragon\\www\\sungoods\\vendor\\laravel\\framework\\src\\Illuminate\\Database\\Query\\Builder.php(3230): Illuminate\\Database\\Query\\Builder->Illuminate\\Database\\Query\\{closure}()
#5 D:\\laragon\\laragon\\www\\sungoods\\vendor\\laravel\\framework\\src\\Illuminate\\Database\\Query\\Builder.php(2693): Illuminate\\Database\\Query\\Builder->onceWithColumns(Array, Object(Closure))
#6 D:\\laragon\\laragon\\www\\sungoods\\vendor\\laravel\\framework\\src\\Illuminate\\Database\\Eloquent\\Builder.php(710): Illuminate\\Database\\Query\\Builder->get(Array)
#7 D:\\laragon\\laragon\\www\\sungoods\\vendor\\laravel\\framework\\src\\Illuminate\\Database\\Eloquent\\Builder.php(694): Illuminate\\Database\\Eloquent\\Builder->getModels(Array)
#8 D:\\laragon\\laragon\\www\\sungoods\\app\\Providers\\AppServiceProvider.php(40): Illuminate\\Database\\Eloquent\\Builder->get()
#9 D:\\laragon\\laragon\\www\\sungoods\\vendor\\laravel\\framework\\src\\Illuminate\\View\\Concerns\\ManagesEvents.php(162): App\\Providers\\AppServiceProvider->App\\Providers\\{closure}(Object(Illuminate\\View\\View))
#10 D:\\laragon\\laragon\\www\\sungoods\\vendor\\laravel\\framework\\src\\Illuminate\\Events\\Dispatcher.php(418): Illuminate\\View\\Factory->Illuminate\\View\\Concerns\\{closure}('composing: erro...', Array)
#11 D:\\laragon\\laragon\\www\\sungoods\\vendor\\laravel\\framework\\src\\Illuminate\\Events\\Dispatcher.php(249): Illuminate\\Events\\Dispatcher->Illuminate\\Events\\{closure}('composing: erro...', Array)
#12 D:\\laragon\\laragon\\www\\sungoods\\vendor\\laravel\\framework\\src\\Illuminate\\View\\Concerns\\ManagesEvents.php(177): Illuminate\\Events\\Dispatcher->dispatch('composing: erro...', Array)
#13 D:\\laragon\\laragon\\www\\sungoods\\vendor\\laravel\\framework\\src\\Illuminate\\View\\View.php(176): Illuminate\\View\\Factory->callComposer(Object(Illuminate\\View\\View))
#14 D:\\laragon\\laragon\\www\\sungoods\\vendor\\laravel\\framework\\src\\Illuminate\\View\\View.php(147): Illuminate\\View\\View->renderContents()
#15 D:\\laragon\\laragon\\www\\sungoods\\vendor\\laravel\\framework\\src\\Illuminate\\Http\\Response.php(69): Illuminate\\View\\View->render()
#16 D:\\laragon\\laragon\\www\\sungoods\\vendor\\laravel\\framework\\src\\Illuminate\\Http\\Response.php(35): Illuminate\\Http\\Response->setContent(Object(Illuminate\\View\\View))
#17 D:\\laragon\\laragon\\www\\sungoods\\vendor\\laravel\\framework\\src\\Illuminate\\Routing\\ResponseFactory.php(57): Illuminate\\Http\\Response->__construct(Object(Illuminate\\View\\View), 500, Array)
#18 D:\\laragon\\laragon\\www\\sungoods\\vendor\\laravel\\framework\\src\\Illuminate\\Routing\\ResponseFactory.php(87): Illuminate\\Routing\\ResponseFactory->make(Object(Illuminate\\View\\View), 500, Array)
#19 D:\\laragon\\laragon\\www\\sungoods\\vendor\\laravel\\framework\\src\\Illuminate\\Foundation\\Exceptions\\Handler.php(626): Illuminate\\Routing\\ResponseFactory->view('errors::500', Array, 500, Array)
#20 D:\\laragon\\laragon\\www\\sungoods\\vendor\\laravel\\framework\\src\\Illuminate\\Foundation\\Exceptions\\Handler.php(554): Illuminate\\Foundation\\Exceptions\\Handler->renderHttpException(Object(Symfony\\Component\\HttpKernel\\Exception\\HttpException))
#21 D:\\laragon\\laragon\\www\\sungoods\\vendor\\laravel\\framework\\src\\Illuminate\\Foundation\\Exceptions\\Handler.php(460): Illuminate\\Foundation\\Exceptions\\Handler->prepareResponse(Object(Illuminate\\Http\\Request), Object(Symfony\\Component\\HttpKernel\\Exception\\HttpException))
#22 D:\\laragon\\laragon\\www\\sungoods\\vendor\\laravel\\framework\\src\\Illuminate\\Foundation\\Exceptions\\Handler.php(377): Illuminate\\Foundation\\Exceptions\\Handler->renderExceptionResponse(Object(Illuminate\\Http\\Request), Object(Illuminate\\Database\\QueryException))
#23 D:\\laragon\\laragon\\www\\sungoods\\vendor\\laravel\\framework\\src\\Illuminate\\Routing\\Pipeline.php(51): Illuminate\\Foundation\\Exceptions\\Handler->render(Object(Illuminate\\Http\\Request), Object(Illuminate\\Database\\QueryException))
#24 D:\\laragon\\laragon\\www\\sungoods\\vendor\\laravel\\framework\\src\\Illuminate\\Pipeline\\Pipeline.php(185): Illuminate\\Routing\\Pipeline->handleException(Object(Illuminate\\Http\\Request), Object(Illuminate\\Database\\QueryException))
#25 D:\\laragon\\laragon\\www\\sungoods\\vendor\\laravel\\framework\\src\\Illuminate\\Foundation\\Http\\Middleware\\PreventRequestsDuringMaintenance.php(86): Illuminate\\Pipeline\\Pipeline->Illuminate\\Pipeline\\{closure}(Object(Illuminate\\Http\\Request))
#26 D:\\laragon\\laragon\\www\\sungoods\\vendor\\laravel\\framework\\src\\Illuminate\\Pipeline\\Pipeline.php(180): Illuminate\\Foundation\\Http\\Middleware\\PreventRequestsDuringMaintenance->handle(Object(Illuminate\\Http\\Request), Object(Closure))
#27 D:\\laragon\\laragon\\www\\sungoods\\vendor\\laravel\\framework\\src\\Illuminate\\Http\\Middleware\\HandleCors.php(49): Illuminate\\Pipeline\\Pipeline->Illuminate\\Pipeline\\{closure}(Object(Illuminate\\Http\\Request))
#28 D:\\laragon\\laragon\\www\\sungoods\\vendor\\laravel\\framework\\src\\Illuminate\\Pipeline\\Pipeline.php(180): Illuminate\\Http\\Middleware\\HandleCors->handle(Object(Illuminate\\Http\\Request), Object(Closure))
#29 D:\\laragon\\laragon\\www\\sungoods\\vendor\\laravel\\framework\\src\\Illuminate\\Http\\Middleware\\TrustProxies.php(39): Illuminate\\Pipeline\\Pipeline->Illuminate\\Pipeline\\{closure}(Object(Illuminate\\Http\\Request))
#30 D:\\laragon\\laragon\\www\\sungoods\\vendor\\laravel\\framework\\src\\Illuminate\\Pipeline\\Pipeline.php(180): Illuminate\\Http\\Middleware\\TrustProxies->handle(Object(Illuminate\\Http\\Request), Object(Closure))
#31 D:\\laragon\\laragon\\www\\sungoods\\vendor\\laravel\\framework\\src\\Illuminate\\Pipeline\\Pipeline.php(116): Illuminate\\Pipeline\\Pipeline->Illuminate\\Pipeline\\{closure}(Object(Illuminate\\Http\\Request))
#32 D:\\laragon\\laragon\\www\\sungoods\\vendor\\laravel\\framework\\src\\Illuminate\\Foundation\\Http\\Kernel.php(165): Illuminate\\Pipeline\\Pipeline->then(Object(Closure))
#33 D:\\laragon\\laragon\\www\\sungoods\\vendor\\laravel\\framework\\src\\Illuminate\\Foundation\\Http\\Kernel.php(134): Illuminate\\Foundation\\Http\\Kernel->sendRequestThroughRouter(Object(Illuminate\\Http\\Request))
#34 D:\\laragon\\laragon\\www\\sungoods\\public\\index.php(51): Illuminate\\Foundation\\Http\\Kernel->handle(Object(Illuminate\\Http\\Request))
#35 {main}

[previous exception] [object] (PDOException(code: 1045): SQLSTATE[HY000] [1045] Access denied for user 'forge'@'localhost' (using password: YES) at D:\\laragon\\laragon\\www\\sungoods\\vendor\\laravel\\framework\\src\\Illuminate\\Database\\Connectors\\Connector.php:70)
[stacktrace]
#0 D:\\laragon\\laragon\\www\\sungoods\\vendor\\laravel\\framework\\src\\Illuminate\\Database\\Connectors\\Connector.php(70): PDO->__construct('mysql:host=127....', 'forge', Object(SensitiveParameterValue), Array)
#1 D:\\laragon\\laragon\\www\\sungoods\\vendor\\laravel\\framework\\src\\Illuminate\\Database\\Connectors\\Connector.php(45): Illuminate\\Database\\Connectors\\Connector->createPdoConnection('mysql:host=127....', 'forge', '', Array)
#2 D:\\laragon\\laragon\\www\\sungoods\\vendor\\laravel\\framework\\src\\Illuminate\\Database\\Connectors\\MySqlConnector.php(24): Illuminate\\Database\\Connectors\\Connector->createConnection('mysql:host=127....', Array, Array)
#3 D:\\laragon\\laragon\\www\\sungoods\\vendor\\laravel\\framework\\src\\Illuminate\\Database\\Connectors\\ConnectionFactory.php(184): Illuminate\\Database\\Connectors\\MySqlConnector->connect(Array)
#4 [internal function]: Illuminate\\Database\\Connectors\\ConnectionFactory->Illuminate\\Database\\Connectors\\{closure}()
#5 D:\\laragon\\laragon\\www\\sungoods\\vendor\\laravel\\framework\\src\\Illuminate\\Database\\Connection.php(1181): call_user_func(Object(Closure))
#6 D:\\laragon\\laragon\\www\\sungoods\\vendor\\laravel\\framework\\src\\Illuminate\\Database\\Connection.php(1217): Illuminate\\Database\\Connection->getPdo()
#7 D:\\laragon\\laragon\\www\\sungoods\\vendor\\laravel\\framework\\src\\Illuminate\\Database\\Connection.php(486): Illuminate\\Database\\Connection->getReadPdo()
#8 D:\\laragon\\laragon\\www\\sungoods\\vendor\\laravel\\framework\\src\\Illuminate\\Database\\Connection.php(414): Illuminate\\Database\\Connection->getPdoForSelect(true)
#9 D:\\laragon\\laragon\\www\\sungoods\\vendor\\laravel\\framework\\src\\Illuminate\\Database\\Connection.php(753): Illuminate\\Database\\Connection->Illuminate\\Database\\{closure}('select * from `...', Array)
#10 D:\\laragon\\laragon\\www\\sungoods\\vendor\\laravel\\framework\\src\\Illuminate\\Database\\Connection.php(720): Illuminate\\Database\\Connection->runQueryCallback('select * from `...', Array, Object(Closure))
#11 D:\\laragon\\laragon\\www\\sungoods\\vendor\\laravel\\framework\\src\\Illuminate\\Database\\Connection.php(405): Illuminate\\Database\\Connection->run('select * from `...', Array, Object(Closure))
#12 D:\\laragon\\laragon\\www\\sungoods\\vendor\\laravel\\framework\\src\\Illuminate\\Database\\Query\\Builder.php(2705): Illuminate\\Database\\Connection->select('select * from `...', Array, true)
#13 D:\\laragon\\laragon\\www\\sungoods\\vendor\\laravel\\framework\\src\\Illuminate\\Database\\Query\\Builder.php(2694): Illuminate\\Database\\Query\\Builder->runSelect()
#14 D:\\laragon\\laragon\\www\\sungoods\\vendor\\laravel\\framework\\src\\Illuminate\\Database\\Query\\Builder.php(3230): Illuminate\\Database\\Query\\Builder->Illuminate\\Database\\Query\\{closure}()
#15 D:\\laragon\\laragon\\www\\sungoods\\vendor\\laravel\\framework\\src\\Illuminate\\Database\\Query\\Builder.php(2693): Illuminate\\Database\\Query\\Builder->onceWithColumns(Array, Object(Closure))
#16 D:\\laragon\\laragon\\www\\sungoods\\vendor\\laravel\\framework\\src\\Illuminate\\Database\\Eloquent\\Builder.php(710): Illuminate\\Database\\Query\\Builder->get(Array)
#17 D:\\laragon\\laragon\\www\\sungoods\\vendor\\laravel\\framework\\src\\Illuminate\\Database\\Eloquent\\Builder.php(694): Illuminate\\Database\\Eloquent\\Builder->getModels(Array)
#18 D:\\laragon\\laragon\\www\\sungoods\\app\\Providers\\AppServiceProvider.php(40): Illuminate\\Database\\Eloquent\\Builder->get()
#19 D:\\laragon\\laragon\\www\\sungoods\\vendor\\laravel\\framework\\src\\Illuminate\\View\\Concerns\\ManagesEvents.php(162): App\\Providers\\AppServiceProvider->App\\Providers\\{closure}(Object(Illuminate\\View\\View))
#20 D:\\laragon\\laragon\\www\\sungoods\\vendor\\laravel\\framework\\src\\Illuminate\\Events\\Dispatcher.php(418): Illuminate\\View\\Factory->Illuminate\\View\\Concerns\\{closure}('composing: erro...', Array)
#21 D:\\laragon\\laragon\\www\\sungoods\\vendor\\laravel\\framework\\src\\Illuminate\\Events\\Dispatcher.php(249): Illuminate\\Events\\Dispatcher->Illuminate\\Events\\{closure}('composing: erro...', Array)
#22 D:\\laragon\\laragon\\www\\sungoods\\vendor\\laravel\\framework\\src\\Illuminate\\View\\Concerns\\ManagesEvents.php(177): Illuminate\\Events\\Dispatcher->dispatch('composing: erro...', Array)
#23 D:\\laragon\\laragon\\www\\sungoods\\vendor\\laravel\\framework\\src\\Illuminate\\View\\View.php(176): Illuminate\\View\\Factory->callComposer(Object(Illuminate\\View\\View))
#24 D:\\laragon\\laragon\\www\\sungoods\\vendor\\laravel\\framework\\src\\Illuminate\\View\\View.php(147): Illuminate\\View\\View->renderContents()
#25 D:\\laragon\\laragon\\www\\sungoods\\vendor\\laravel\\framework\\src\\Illuminate\\Http\\Response.php(69): Illuminate\\View\\View->render()
#26 D:\\laragon\\laragon\\www\\sungoods\\vendor\\laravel\\framework\\src\\Illuminate\\Http\\Response.php(35): Illuminate\\Http\\Response->setContent(Object(Illuminate\\View\\View))
#27 D:\\laragon\\laragon\\www\\sungoods\\vendor\\laravel\\framework\\src\\Illuminate\\Routing\\ResponseFactory.php(57): Illuminate\\Http\\Response->__construct(Object(Illuminate\\View\\View), 500, Array)
#28 D:\\laragon\\laragon\\www\\sungoods\\vendor\\laravel\\framework\\src\\Illuminate\\Routing\\ResponseFactory.php(87): Illuminate\\Routing\\ResponseFactory->make(Object(Illuminate\\View\\View), 500, Array)
#29 D:\\laragon\\laragon\\www\\sungoods\\vendor\\laravel\\framework\\src\\Illuminate\\Foundation\\Exceptions\\Handler.php(626): Illuminate\\Routing\\ResponseFactory->view('errors::500', Array, 500, Array)
#30 D:\\laragon\\laragon\\www\\sungoods\\vendor\\laravel\\framework\\src\\Illuminate\\Foundation\\Exceptions\\Handler.php(554): Illuminate\\Foundation\\Exceptions\\Handler->renderHttpException(Object(Symfony\\Component\\HttpKernel\\Exception\\HttpException))
#31 D:\\laragon\\laragon\\www\\sungoods\\vendor\\laravel\\framework\\src\\Illuminate\\Foundation\\Exceptions\\Handler.php(460): Illuminate\\Foundation\\Exceptions\\Handler->prepareResponse(Object(Illuminate\\Http\\Request), Object(Symfony\\Component\\HttpKernel\\Exception\\HttpException))
#32 D:\\laragon\\laragon\\www\\sungoods\\vendor\\laravel\\framework\\src\\Illuminate\\Foundation\\Exceptions\\Handler.php(377): Illuminate\\Foundation\\Exceptions\\Handler->renderExceptionResponse(Object(Illuminate\\Http\\Request), Object(Illuminate\\Database\\QueryException))
#33 D:\\laragon\\laragon\\www\\sungoods\\vendor\\laravel\\framework\\src\\Illuminate\\Routing\\Pipeline.php(51): Illuminate\\Foundation\\Exceptions\\Handler->render(Object(Illuminate\\Http\\Request), Object(Illuminate\\Database\\QueryException))
#34 D:\\laragon\\laragon\\www\\sungoods\\vendor\\laravel\\framework\\src\\Illuminate\\Pipeline\\Pipeline.php(185): Illuminate\\Routing\\Pipeline->handleException(Object(Illuminate\\Http\\Request), Object(Illuminate\\Database\\QueryException))
#35 D:\\laragon\\laragon\\www\\sungoods\\vendor\\laravel\\framework\\src\\Illuminate\\Foundation\\Http\\Middleware\\PreventRequestsDuringMaintenance.php(86): Illuminate\\Pipeline\\Pipeline->Illuminate\\Pipeline\\{closure}(Object(Illuminate\\Http\\Request))
#36 D:\\laragon\\laragon\\www\\sungoods\\vendor\\laravel\\framework\\src\\Illuminate\\Pipeline\\Pipeline.php(180): Illuminate\\Foundation\\Http\\Middleware\\PreventRequestsDuringMaintenance->handle(Object(Illuminate\\Http\\Request), Object(Closure))
#37 D:\\laragon\\laragon\\www\\sungoods\\vendor\\laravel\\framework\\src\\Illuminate\\Http\\Middleware\\HandleCors.php(49): Illuminate\\Pipeline\\Pipeline->Illuminate\\Pipeline\\{closure}(Object(Illuminate\\Http\\Request))
#38 D:\\laragon\\laragon\\www\\sungoods\\vendor\\laravel\\framework\\src\\Illuminate\\Pipeline\\Pipeline.php(180): Illuminate\\Http\\Middleware\\HandleCors->handle(Object(Illuminate\\Http\\Request), Object(Closure))
#39 D:\\laragon\\laragon\\www\\sungoods\\vendor\\laravel\\framework\\src\\Illuminate\\Http\\Middleware\\TrustProxies.php(39): Illuminate\\Pipeline\\Pipeline->Illuminate\\Pipeline\\{closure}(Object(Illuminate\\Http\\Request))
#40 D:\\laragon\\laragon\\www\\sungoods\\vendor\\laravel\\framework\\src\\Illuminate\\Pipeline\\Pipeline.php(180): Illuminate\\Http\\Middleware\\TrustProxies->handle(Object(Illuminate\\Http\\Request), Object(Closure))
#41 D:\\laragon\\laragon\\www\\sungoods\\vendor\\laravel\\framework\\src\\Illuminate\\Pipeline\\Pipeline.php(116): Illuminate\\Pipeline\\Pipeline->Illuminate\\Pipeline\\{closure}(Object(Illuminate\\Http\\Request))
#42 D:\\laragon\\laragon\\www\\sungoods\\vendor\\laravel\\framework\\src\\Illuminate\\Foundation\\Http\\Kernel.php(165): Illuminate\\Pipeline\\Pipeline->then(Object(Closure))
#43 D:\\laragon\\laragon\\www\\sungoods\\vendor\\laravel\\framework\\src\\Illuminate\\Foundation\\Http\\Kernel.php(134): Illuminate\\Foundation\\Http\\Kernel->sendRequestThroughRouter(Object(Illuminate\\Http\\Request))
#44 D:\\laragon\\laragon\\www\\sungoods\\public\\index.php(51): Illuminate\\Foundation\\Http\\Kernel->handle(Object(Illuminate\\Http\\Request))
#45 {main}
"} 
[2026-04-22 07:48:11] production.ERROR: SQLSTATE[HY000] [1045] Access denied for user 'forge'@'localhost' (using password: YES) (SQL: select * from `menus` where `active` = 1 and `type` = header_menu order by `drag_id` asc, `created_at` desc) {"exception":"[object] (Illuminate\\Database\\QueryException(code: 1045): SQLSTATE[HY000] [1045] Access denied for user 'forge'@'localhost' (using password: YES) (SQL: select * from `menus` where `active` = 1 and `type` = header_menu order by `drag_id` asc, `created_at` desc) at D:\\laragon\\laragon\\www\\sungoods\\vendor\\laravel\\framework\\src\\Illuminate\\Database\\Connection.php:760)
[stacktrace]
#0 D:\\laragon\\laragon\\www\\sungoods\\vendor\\laravel\\framework\\src\\Illuminate\\Database\\Connection.php(720): Illuminate\\Database\\Connection->runQueryCallback('select * from `...', Array, Object(Closure))
#1 D:\\laragon\\laragon\\www\\sungoods\\vendor\\laravel\\framework\\src\\Illuminate\\Database\\Connection.php(405): Illuminate\\Database\\Connection->run('select * from `...', Array, Object(Closure))
#2 D:\\laragon\\laragon\\www\\sungoods\\vendor\\laravel\\framework\\src\\Illuminate\\Database\\Query\\Builder.php(2705): Illuminate\\Database\\Connection->select('select * from `...', Array, true)
#3 D:\\laragon\\laragon\\www\\sungoods\\vendor\\laravel\\framework\\src\\Illuminate\\Database\\Query\\Builder.php(2694): Illuminate\\Database\\Query\\Builder->runSelect()
#4 D:\\laragon\\laragon\\www\\sungoods\\vendor\\laravel\\framework\\src\\Illuminate\\Database\\Query\\Builder.php(3230): Illuminate\\Database\\Query\\Builder->Illuminate\\Database\\Query\\{closure}()
#5 D:\\laragon\\laragon\\www\\sungoods\\vendor\\laravel\\framework\\src\\Illuminate\\Database\\Query\\Builder.php(2693): Illuminate\\Database\\Query\\Builder->onceWithColumns(Array, Object(Closure))
#6 D:\\laragon\\laragon\\www\\sungoods\\vendor\\laravel\\framework\\src\\Illuminate\\Database\\Eloquent\\Builder.php(710): Illuminate\\Database\\Query\\Builder->get(Array)
#7 D:\\laragon\\laragon\\www\\sungoods\\vendor\\laravel\\framework\\src\\Illuminate\\Database\\Eloquent\\Builder.php(694): Illuminate\\Database\\Eloquent\\Builder->getModels(Array)
#8 D:\\laragon\\laragon\\www\\sungoods\\app\\Providers\\AppServiceProvider.php(40): Illuminate\\Database\\Eloquent\\Builder->get()
#9 D:\\laragon\\laragon\\www\\sungoods\\vendor\\laravel\\framework\\src\\Illuminate\\View\\Concerns\\ManagesEvents.php(162): App\\Providers\\AppServiceProvider->App\\Providers\\{closure}(Object(Illuminate\\View\\View))
#10 D:\\laragon\\laragon\\www\\sungoods\\vendor\\laravel\\framework\\src\\Illuminate\\Events\\Dispatcher.php(418): Illuminate\\View\\Factory->Illuminate\\View\\Concerns\\{closure}('composing: erro...', Array)
#11 D:\\laragon\\laragon\\www\\sungoods\\vendor\\laravel\\framework\\src\\Illuminate\\Events\\Dispatcher.php(249): Illuminate\\Events\\Dispatcher->Illuminate\\Events\\{closure}('composing: erro...', Array)
#12 D:\\laragon\\laragon\\www\\sungoods\\vendor\\laravel\\framework\\src\\Illuminate\\View\\Concerns\\ManagesEvents.php(177): Illuminate\\Events\\Dispatcher->dispatch('composing: erro...', Array)
#13 D:\\laragon\\laragon\\www\\sungoods\\vendor\\laravel\\framework\\src\\Illuminate\\View\\View.php(176): Illuminate\\View\\Factory->callComposer(Object(Illuminate\\View\\View))
#14 D:\\laragon\\laragon\\www\\sungoods\\vendor\\laravel\\framework\\src\\Illuminate\\View\\View.php(147): Illuminate\\View\\View->renderContents()
#15 D:\\laragon\\laragon\\www\\sungoods\\vendor\\laravel\\framework\\src\\Illuminate\\Http\\Response.php(69): Illuminate\\View\\View->render()
#16 D:\\laragon\\laragon\\www\\sungoods\\vendor\\laravel\\framework\\src\\Illuminate\\Http\\Response.php(35): Illuminate\\Http\\Response->setContent(Object(Illuminate\\View\\View))
#17 D:\\laragon\\laragon\\www\\sungoods\\vendor\\laravel\\framework\\src\\Illuminate\\Routing\\ResponseFactory.php(57): Illuminate\\Http\\Response->__construct(Object(Illuminate\\View\\View), 500, Array)
#18 D:\\laragon\\laragon\\www\\sungoods\\vendor\\laravel\\framework\\src\\Illuminate\\Routing\\ResponseFactory.php(87): Illuminate\\Routing\\ResponseFactory->make(Object(Illuminate\\View\\View), 500, Array)
#19 D:\\laragon\\laragon\\www\\sungoods\\vendor\\laravel\\framework\\src\\Illuminate\\Foundation\\Exceptions\\Handler.php(626): Illuminate\\Routing\\ResponseFactory->view('errors::500', Array, 500, Array)
#20 D:\\laragon\\laragon\\www\\sungoods\\vendor\\laravel\\framework\\src\\Illuminate\\Foundation\\Exceptions\\Handler.php(554): Illuminate\\Foundation\\Exceptions\\Handler->renderHttpException(Object(Symfony\\Component\\HttpKernel\\Exception\\HttpException))
#21 D:\\laragon\\laragon\\www\\sungoods\\vendor\\laravel\\framework\\src\\Illuminate\\Foundation\\Exceptions\\Handler.php(460): Illuminate\\Foundation\\Exceptions\\Handler->prepareResponse(Object(Illuminate\\Http\\Request), Object(Symfony\\Component\\HttpKernel\\Exception\\HttpException))
#22 D:\\laragon\\laragon\\www\\sungoods\\vendor\\laravel\\framework\\src\\Illuminate\\Foundation\\Exceptions\\Handler.php(377): Illuminate\\Foundation\\Exceptions\\Handler->renderExceptionResponse(Object(Illuminate\\Http\\Request), Object(Illuminate\\Database\\QueryException))
#23 D:\\laragon\\laragon\\www\\sungoods\\vendor\\laravel\\framework\\src\\Illuminate\\Routing\\Pipeline.php(51): Illuminate\\Foundation\\Exceptions\\Handler->render(Object(Illuminate\\Http\\Request), Object(Illuminate\\Database\\QueryException))
#24 D:\\laragon\\laragon\\www\\sungoods\\vendor\\laravel\\framework\\src\\Illuminate\\Pipeline\\Pipeline.php(185): Illuminate\\Routing\\Pipeline->handleException(Object(Illuminate\\Http\\Request), Object(Illuminate\\Database\\QueryException))
#25 D:\\laragon\\laragon\\www\\sungoods\\vendor\\laravel\\framework\\src\\Illuminate\\Http\\Middleware\\HandleCors.php(49): Illuminate\\Pipeline\\Pipeline->Illuminate\\Pipeline\\{closure}(Object(Illuminate\\Http\\Request))
#26 D:\\laragon\\laragon\\www\\sungoods\\vendor\\laravel\\framework\\src\\Illuminate\\Pipeline\\Pipeline.php(180): Illuminate\\Http\\Middleware\\HandleCors->handle(Object(Illuminate\\Http\\Request), Object(Closure))
#27 D:\\laragon\\laragon\\www\\sungoods\\vendor\\laravel\\framework\\src\\Illuminate\\Http\\Middleware\\TrustProxies.php(39): Illuminate\\Pipeline\\Pipeline->Illuminate\\Pipeline\\{closure}(Object(Illuminate\\Http\\Request))
#28 D:\\laragon\\laragon\\www\\sungoods\\vendor\\laravel\\framework\\src\\Illuminate\\Pipeline\\Pipeline.php(180): Illuminate\\Http\\Middleware\\TrustProxies->handle(Object(Illuminate\\Http\\Request), Object(Closure))
#29 D:\\laragon\\laragon\\www\\sungoods\\vendor\\laravel\\framework\\src\\Illuminate\\Pipeline\\Pipeline.php(116): Illuminate\\Pipeline\\Pipeline->Illuminate\\Pipeline\\{closure}(Object(Illuminate\\Http\\Request))
#30 D:\\laragon\\laragon\\www\\sungoods\\vendor\\laravel\\framework\\src\\Illuminate\\Foundation\\Http\\Kernel.php(165): Illuminate\\Pipeline\\Pipeline->then(Object(Closure))
#31 D:\\laragon\\laragon\\www\\sungoods\\vendor\\laravel\\framework\\src\\Illuminate\\Foundation\\Http\\Kernel.php(134): Illuminate\\Foundation\\Http\\Kernel->sendRequestThroughRouter(Object(Illuminate\\Http\\Request))
#32 D:\\laragon\\laragon\\www\\sungoods\\public\\index.php(51): Illuminate\\Foundation\\Http\\Kernel->handle(Object(Illuminate\\Http\\Request))
#33 {main}

[previous exception] [object] (PDOException(code: 1045): SQLSTATE[HY000] [1045] Access denied for user 'forge'@'localhost' (using password: YES) at D:\\laragon\\laragon\\www\\sungoods\\vendor\\laravel\\framework\\src\\Illuminate\\Database\\Connectors\\Connector.php:70)
[stacktrace]
#0 D:\\laragon\\laragon\\www\\sungoods\\vendor\\laravel\\framework\\src\\Illuminate\\Database\\Connectors\\Connector.php(70): PDO->__construct('mysql:host=127....', 'forge', Object(SensitiveParameterValue), Array)
#1 D:\\laragon\\laragon\\www\\sungoods\\vendor\\laravel\\framework\\src\\Illuminate\\Database\\Connectors\\Connector.php(45): Illuminate\\Database\\Connectors\\Connector->createPdoConnection('mysql:host=127....', 'forge', '', Array)
#2 D:\\laragon\\laragon\\www\\sungoods\\vendor\\laravel\\framework\\src\\Illuminate\\Database\\Connectors\\MySqlConnector.php(24): Illuminate\\Database\\Connectors\\Connector->createConnection('mysql:host=127....', Array, Array)
#3 D:\\laragon\\laragon\\www\\sungoods\\vendor\\laravel\\framework\\src\\Illuminate\\Database\\Connectors\\ConnectionFactory.php(184): Illuminate\\Database\\Connectors\\MySqlConnector->connect(Array)
#4 [internal function]: Illuminate\\Database\\Connectors\\ConnectionFactory->Illuminate\\Database\\Connectors\\{closure}()
#5 D:\\laragon\\laragon\\www\\sungoods\\vendor\\laravel\\framework\\src\\Illuminate\\Database\\Connection.php(1181): call_user_func(Object(Closure))
#6 D:\\laragon\\laragon\\www\\sungoods\\vendor\\laravel\\framework\\src\\Illuminate\\Database\\Connection.php(1217): Illuminate\\Database\\Connection->getPdo()
#7 D:\\laragon\\laragon\\www\\sungoods\\vendor\\laravel\\framework\\src\\Illuminate\\Database\\Connection.php(486): Illuminate\\Database\\Connection->getReadPdo()
#8 D:\\laragon\\laragon\\www\\sungoods\\vendor\\laravel\\framework\\src\\Illuminate\\Database\\Connection.php(414): Illuminate\\Database\\Connection->getPdoForSelect(true)
#9 D:\\laragon\\laragon\\www\\sungoods\\vendor\\laravel\\framework\\src\\Illuminate\\Database\\Connection.php(753): Illuminate\\Database\\Connection->Illuminate\\Database\\{closure}('select * from `...', Array)
#10 D:\\laragon\\laragon\\www\\sungoods\\vendor\\laravel\\framework\\src\\Illuminate\\Database\\Connection.php(720): Illuminate\\Database\\Connection->runQueryCallback('select * from `...', Array, Object(Closure))
#11 D:\\laragon\\laragon\\www\\sungoods\\vendor\\laravel\\framework\\src\\Illuminate\\Database\\Connection.php(405): Illuminate\\Database\\Connection->run('select * from `...', Array, Object(Closure))
#12 D:\\laragon\\laragon\\www\\sungoods\\vendor\\laravel\\framework\\src\\Illuminate\\Database\\Query\\Builder.php(2705): Illuminate\\Database\\Connection->select('select * from `...', Array, true)
#13 D:\\laragon\\laragon\\www\\sungoods\\vendor\\laravel\\framework\\src\\Illuminate\\Database\\Query\\Builder.php(2694): Illuminate\\Database\\Query\\Builder->runSelect()
#14 D:\\laragon\\laragon\\www\\sungoods\\vendor\\laravel\\framework\\src\\Illuminate\\Database\\Query\\Builder.php(3230): Illuminate\\Database\\Query\\Builder->Illuminate\\Database\\Query\\{closure}()
#15 D:\\laragon\\laragon\\www\\sungoods\\vendor\\laravel\\framework\\src\\Illuminate\\Database\\Query\\Builder.php(2693): Illuminate\\Database\\Query\\Builder->onceWithColumns(Array, Object(Closure))
#16 D:\\laragon\\laragon\\www\\sungoods\\vendor\\laravel\\framework\\src\\Illuminate\\Database\\Eloquent\\Builder.php(710): Illuminate\\Database\\Query\\Builder->get(Array)
#17 D:\\laragon\\laragon\\www\\sungoods\\vendor\\laravel\\framework\\src\\Illuminate\\Database\\Eloquent\\Builder.php(694): Illuminate\\Database\\Eloquent\\Builder->getModels(Array)
#18 D:\\laragon\\laragon\\www\\sungoods\\app\\Providers\\AppServiceProvider.php(40): Illuminate\\Database\\Eloquent\\Builder->get()
#19 D:\\laragon\\laragon\\www\\sungoods\\vendor\\laravel\\framework\\src\\Illuminate\\View\\Concerns\\ManagesEvents.php(162): App\\Providers\\AppServiceProvider->App\\Providers\\{closure}(Object(Illuminate\\View\\View))
#20 D:\\laragon\\laragon\\www\\sungoods\\vendor\\laravel\\framework\\src\\Illuminate\\Events\\Dispatcher.php(418): Illuminate\\View\\Factory->Illuminate\\View\\Concerns\\{closure}('composing: erro...', Array)
#21 D:\\laragon\\laragon\\www\\sungoods\\vendor\\laravel\\framework\\src\\Illuminate\\Events\\Dispatcher.php(249): Illuminate\\Events\\Dispatcher->Illuminate\\Events\\{closure}('composing: erro...', Array)
#22 D:\\laragon\\laragon\\www\\sungoods\\vendor\\laravel\\framework\\src\\Illuminate\\View\\Concerns\\ManagesEvents.php(177): Illuminate\\Events\\Dispatcher->dispatch('composing: erro...', Array)
#23 D:\\laragon\\laragon\\www\\sungoods\\vendor\\laravel\\framework\\src\\Illuminate\\View\\View.php(176): Illuminate\\View\\Factory->callComposer(Object(Illuminate\\View\\View))
#24 D:\\laragon\\laragon\\www\\sungoods\\vendor\\laravel\\framework\\src\\Illuminate\\View\\View.php(147): Illuminate\\View\\View->renderContents()
#25 D:\\laragon\\laragon\\www\\sungoods\\vendor\\laravel\\framework\\src\\Illuminate\\Http\\Response.php(69): Illuminate\\View\\View->render()
#26 D:\\laragon\\laragon\\www\\sungoods\\vendor\\laravel\\framework\\src\\Illuminate\\Http\\Response.php(35): Illuminate\\Http\\Response->setContent(Object(Illuminate\\View\\View))
#27 D:\\laragon\\laragon\\www\\sungoods\\vendor\\laravel\\framework\\src\\Illuminate\\Routing\\ResponseFactory.php(57): Illuminate\\Http\\Response->__construct(Object(Illuminate\\View\\View), 500, Array)
#28 D:\\laragon\\laragon\\www\\sungoods\\vendor\\laravel\\framework\\src\\Illuminate\\Routing\\ResponseFactory.php(87): Illuminate\\Routing\\ResponseFactory->make(Object(Illuminate\\View\\View), 500, Array)
#29 D:\\laragon\\laragon\\www\\sungoods\\vendor\\laravel\\framework\\src\\Illuminate\\Foundation\\Exceptions\\Handler.php(626): Illuminate\\Routing\\ResponseFactory->view('errors::500', Array, 500, Array)
#30 D:\\laragon\\laragon\\www\\sungoods\\vendor\\laravel\\framework\\src\\Illuminate\\Foundation\\Exceptions\\Handler.php(554): Illuminate\\Foundation\\Exceptions\\Handler->renderHttpException(Object(Symfony\\Component\\HttpKernel\\Exception\\HttpException))
#31 D:\\laragon\\laragon\\www\\sungoods\\vendor\\laravel\\framework\\src\\Illuminate\\Foundation\\Exceptions\\Handler.php(460): Illuminate\\Foundation\\Exceptions\\Handler->prepareResponse(Object(Illuminate\\Http\\Request), Object(Symfony\\Component\\HttpKernel\\Exception\\HttpException))
#32 D:\\laragon\\laragon\\www\\sungoods\\vendor\\laravel\\framework\\src\\Illuminate\\Foundation\\Exceptions\\Handler.php(377): Illuminate\\Foundation\\Exceptions\\Handler->renderExceptionResponse(Object(Illuminate\\Http\\Request), Object(Illuminate\\Database\\QueryException))
#33 D:\\laragon\\laragon\\www\\sungoods\\vendor\\laravel\\framework\\src\\Illuminate\\Routing\\Pipeline.php(51): Illuminate\\Foundation\\Exceptions\\Handler->render(Object(Illuminate\\Http\\Request), Object(Illuminate\\Database\\QueryException))
#34 D:\\laragon\\laragon\\www\\sungoods\\vendor\\laravel\\framework\\src\\Illuminate\\Pipeline\\Pipeline.php(185): Illuminate\\Routing\\Pipeline->handleException(Object(Illuminate\\Http\\Request), Object(Illuminate\\Database\\QueryException))
#35 D:\\laragon\\laragon\\www\\sungoods\\vendor\\laravel\\framework\\src\\Illuminate\\Http\\Middleware\\HandleCors.php(49): Illuminate\\Pipeline\\Pipeline->Illuminate\\Pipeline\\{closure}(Object(Illuminate\\Http\\Request))
#36 D:\\laragon\\laragon\\www\\sungoods\\vendor\\laravel\\framework\\src\\Illuminate\\Pipeline\\Pipeline.php(180): Illuminate\\Http\\Middleware\\HandleCors->handle(Object(Illuminate\\Http\\Request), Object(Closure))
#37 D:\\laragon\\laragon\\www\\sungoods\\vendor\\laravel\\framework\\src\\Illuminate\\Http\\Middleware\\TrustProxies.php(39): Illuminate\\Pipeline\\Pipeline->Illuminate\\Pipeline\\{closure}(Object(Illuminate\\Http\\Request))
#38 D:\\laragon\\laragon\\www\\sungoods\\vendor\\laravel\\framework\\src\\Illuminate\\Pipeline\\Pipeline.php(180): Illuminate\\Http\\Middleware\\TrustProxies->handle(Object(Illuminate\\Http\\Request), Object(Closure))
#39 D:\\laragon\\laragon\\www\\sungoods\\vendor\\laravel\\framework\\src\\Illuminate\\Pipeline\\Pipeline.php(116): Illuminate\\Pipeline\\Pipeline->Illuminate\\Pipeline\\{closure}(Object(Illuminate\\Http\\Request))
#40 D:\\laragon\\laragon\\www\\sungoods\\vendor\\laravel\\framework\\src\\Illuminate\\Foundation\\Http\\Kernel.php(165): Illuminate\\Pipeline\\Pipeline->then(Object(Closure))
#41 D:\\laragon\\laragon\\www\\sungoods\\vendor\\laravel\\framework\\src\\Illuminate\\Foundation\\Http\\Kernel.php(134): Illuminate\\Foundation\\Http\\Kernel->sendRequestThroughRouter(Object(Illuminate\\Http\\Request))
#42 D:\\laragon\\laragon\\www\\sungoods\\public\\index.php(51): Illuminate\\Foundation\\Http\\Kernel->handle(Object(Illuminate\\Http\\Request))
#43 {main}
"} 
[2026-04-22 07:48:11] production.ERROR: SQLSTATE[HY000] [1045] Access denied for user 'forge'@'localhost' (using password: YES) (SQL: select * from `menus` where `active` = 1 and `type` = header_menu order by `drag_id` asc, `created_at` desc) {"exception":"[object] (Illuminate\\Database\\QueryException(code: 1045): SQLSTATE[HY000] [1045] Access denied for user 'forge'@'localhost' (using password: YES) (SQL: select * from `menus` where `active` = 1 and `type` = header_menu order by `drag_id` asc, `created_at` desc) at D:\\laragon\\laragon\\www\\sungoods\\vendor\\laravel\\framework\\src\\Illuminate\\Database\\Connection.php:760)
[stacktrace]
#0 D:\\laragon\\laragon\\www\\sungoods\\vendor\\laravel\\framework\\src\\Illuminate\\Database\\Connection.php(720): Illuminate\\Database\\Connection->runQueryCallback('select * from `...', Array, Object(Closure))
#1 D:\\laragon\\laragon\\www\\sungoods\\vendor\\laravel\\framework\\src\\Illuminate\\Database\\Connection.php(405): Illuminate\\Database\\Connection->run('select * from `...', Array, Object(Closure))
#2 D:\\laragon\\laragon\\www\\sungoods\\vendor\\laravel\\framework\\src\\Illuminate\\Database\\Query\\Builder.php(2705): Illuminate\\Database\\Connection->select('select * from `...', Array, true)
#3 D:\\laragon\\laragon\\www\\sungoods\\vendor\\laravel\\framework\\src\\Illuminate\\Database\\Query\\Builder.php(2694): Illuminate\\Database\\Query\\Builder->runSelect()
#4 D:\\laragon\\laragon\\www\\sungoods\\vendor\\laravel\\framework\\src\\Illuminate\\Database\\Query\\Builder.php(3230): Illuminate\\Database\\Query\\Builder->Illuminate\\Database\\Query\\{closure}()
#5 D:\\laragon\\laragon\\www\\sungoods\\vendor\\laravel\\framework\\src\\Illuminate\\Database\\Query\\Builder.php(2693): Illuminate\\Database\\Query\\Builder->onceWithColumns(Array, Object(Closure))
#6 D:\\laragon\\laragon\\www\\sungoods\\vendor\\laravel\\framework\\src\\Illuminate\\Database\\Eloquent\\Builder.php(710): Illuminate\\Database\\Query\\Builder->get(Array)
#7 D:\\laragon\\laragon\\www\\sungoods\\vendor\\laravel\\framework\\src\\Illuminate\\Database\\Eloquent\\Builder.php(694): Illuminate\\Database\\Eloquent\\Builder->getModels(Array)
#8 D:\\laragon\\laragon\\www\\sungoods\\app\\Providers\\AppServiceProvider.php(40): Illuminate\\Database\\Eloquent\\Builder->get()
#9 D:\\laragon\\laragon\\www\\sungoods\\vendor\\laravel\\framework\\src\\Illuminate\\View\\Concerns\\ManagesEvents.php(162): App\\Providers\\AppServiceProvider->App\\Providers\\{closure}(Object(Illuminate\\View\\View))
#10 D:\\laragon\\laragon\\www\\sungoods\\vendor\\laravel\\framework\\src\\Illuminate\\Events\\Dispatcher.php(418): Illuminate\\View\\Factory->Illuminate\\View\\Concerns\\{closure}('composing: erro...', Array)
#11 D:\\laragon\\laragon\\www\\sungoods\\vendor\\laravel\\framework\\src\\Illuminate\\Events\\Dispatcher.php(249): Illuminate\\Events\\Dispatcher->Illuminate\\Events\\{closure}('composing: erro...', Array)
#12 D:\\laragon\\laragon\\www\\sungoods\\vendor\\laravel\\framework\\src\\Illuminate\\View\\Concerns\\ManagesEvents.php(177): Illuminate\\Events\\Dispatcher->dispatch('composing: erro...', Array)
#13 D:\\laragon\\laragon\\www\\sungoods\\vendor\\laravel\\framework\\src\\Illuminate\\View\\View.php(176): Illuminate\\View\\Factory->callComposer(Object(Illuminate\\View\\View))
#14 D:\\laragon\\laragon\\www\\sungoods\\vendor\\laravel\\framework\\src\\Illuminate\\View\\View.php(147): Illuminate\\View\\View->renderContents()
#15 D:\\laragon\\laragon\\www\\sungoods\\vendor\\laravel\\framework\\src\\Illuminate\\Http\\Response.php(69): Illuminate\\View\\View->render()
#16 D:\\laragon\\laragon\\www\\sungoods\\vendor\\laravel\\framework\\src\\Illuminate\\Http\\Response.php(35): Illuminate\\Http\\Response->setContent(Object(Illuminate\\View\\View))
#17 D:\\laragon\\laragon\\www\\sungoods\\vendor\\laravel\\framework\\src\\Illuminate\\Routing\\ResponseFactory.php(57): Illuminate\\Http\\Response->__construct(Object(Illuminate\\View\\View), 500, Array)
#18 D:\\laragon\\laragon\\www\\sungoods\\vendor\\laravel\\framework\\src\\Illuminate\\Routing\\ResponseFactory.php(87): Illuminate\\Routing\\ResponseFactory->make(Object(Illuminate\\View\\View), 500, Array)
#19 D:\\laragon\\laragon\\www\\sungoods\\vendor\\laravel\\framework\\src\\Illuminate\\Foundation\\Exceptions\\Handler.php(626): Illuminate\\Routing\\ResponseFactory->view('errors::500', Array, 500, Array)
#20 D:\\laragon\\laragon\\www\\sungoods\\vendor\\laravel\\framework\\src\\Illuminate\\Foundation\\Exceptions\\Handler.php(554): Illuminate\\Foundation\\Exceptions\\Handler->renderHttpException(Object(Symfony\\Component\\HttpKernel\\Exception\\HttpException))
#21 D:\\laragon\\laragon\\www\\sungoods\\vendor\\laravel\\framework\\src\\Illuminate\\Foundation\\Exceptions\\Handler.php(460): Illuminate\\Foundation\\Exceptions\\Handler->prepareResponse(Object(Illuminate\\Http\\Request), Object(Symfony\\Component\\HttpKernel\\Exception\\HttpException))
#22 D:\\laragon\\laragon\\www\\sungoods\\vendor\\laravel\\framework\\src\\Illuminate\\Foundation\\Exceptions\\Handler.php(377): Illuminate\\Foundation\\Exceptions\\Handler->renderExceptionResponse(Object(Illuminate\\Http\\Request), Object(Illuminate\\Database\\QueryException))
#23 D:\\laragon\\laragon\\www\\sungoods\\vendor\\laravel\\framework\\src\\Illuminate\\Routing\\Pipeline.php(51): Illuminate\\Foundation\\Exceptions\\Handler->render(Object(Illuminate\\Http\\Request), Object(Illuminate\\Database\\QueryException))
#24 D:\\laragon\\laragon\\www\\sungoods\\vendor\\laravel\\framework\\src\\Illuminate\\Pipeline\\Pipeline.php(185): Illuminate\\Routing\\Pipeline->handleException(Object(Illuminate\\Http\\Request), Object(Illuminate\\Database\\QueryException))
#25 D:\\laragon\\laragon\\www\\sungoods\\vendor\\laravel\\framework\\src\\Illuminate\\Http\\Middleware\\TrustProxies.php(39): Illuminate\\Pipeline\\Pipeline->Illuminate\\Pipeline\\{closure}(Object(Illuminate\\Http\\Request))
#26 D:\\laragon\\laragon\\www\\sungoods\\vendor\\laravel\\framework\\src\\Illuminate\\Pipeline\\Pipeline.php(180): Illuminate\\Http\\Middleware\\TrustProxies->handle(Object(Illuminate\\Http\\Request), Object(Closure))
#27 D:\\laragon\\laragon\\www\\sungoods\\vendor\\laravel\\framework\\src\\Illuminate\\Pipeline\\Pipeline.php(116): Illuminate\\Pipeline\\Pipeline->Illuminate\\Pipeline\\{closure}(Object(Illuminate\\Http\\Request))
#28 D:\\laragon\\laragon\\www\\sungoods\\vendor\\laravel\\framework\\src\\Illuminate\\Foundation\\Http\\Kernel.php(165): Illuminate\\Pipeline\\Pipeline->then(Object(Closure))
#29 D:\\laragon\\laragon\\www\\sungoods\\vendor\\laravel\\framework\\src\\Illuminate\\Foundation\\Http\\Kernel.php(134): Illuminate\\Foundation\\Http\\Kernel->sendRequestThroughRouter(Object(Illuminate\\Http\\Request))
#30 D:\\laragon\\laragon\\www\\sungoods\\public\\index.php(51): Illuminate\\Foundation\\Http\\Kernel->handle(Object(Illuminate\\Http\\Request))
#31 {main}

[previous exception] [object] (PDOException(code: 1045): SQLSTATE[HY000] [1045] Access denied for user 'forge'@'localhost' (using password: YES) at D:\\laragon\\laragon\\www\\sungoods\\vendor\\laravel\\framework\\src\\Illuminate\\Database\\Connectors\\Connector.php:70)
[stacktrace]
#0 D:\\laragon\\laragon\\www\\sungoods\\vendor\\laravel\\framework\\src\\Illuminate\\Database\\Connectors\\Connector.php(70): PDO->__construct('mysql:host=127....', 'forge', Object(SensitiveParameterValue), Array)
#1 D:\\laragon\\laragon\\www\\sungoods\\vendor\\laravel\\framework\\src\\Illuminate\\Database\\Connectors\\Connector.php(45): Illuminate\\Database\\Connectors\\Connector->createPdoConnection('mysql:host=127....', 'forge', '', Array)
#2 D:\\laragon\\laragon\\www\\sungoods\\vendor\\laravel\\framework\\src\\Illuminate\\Database\\Connectors\\MySqlConnector.php(24): Illuminate\\Database\\Connectors\\Connector->createConnection('mysql:host=127....', Array, Array)
#3 D:\\laragon\\laragon\\www\\sungoods\\vendor\\laravel\\framework\\src\\Illuminate\\Database\\Connectors\\ConnectionFactory.php(184): Illuminate\\Database\\Connectors\\MySqlConnector->connect(Array)
#4 [internal function]: Illuminate\\Database\\Connectors\\ConnectionFactory->Illuminate\\Database\\Connectors\\{closure}()
#5 D:\\laragon\\laragon\\www\\sungoods\\vendor\\laravel\\framework\\src\\Illuminate\\Database\\Connection.php(1181): call_user_func(Object(Closure))
#6 D:\\laragon\\laragon\\www\\sungoods\\vendor\\laravel\\framework\\src\\Illuminate\\Database\\Connection.php(1217): Illuminate\\Database\\Connection->getPdo()
#7 D:\\laragon\\laragon\\www\\sungoods\\vendor\\laravel\\framework\\src\\Illuminate\\Database\\Connection.php(486): Illuminate\\Database\\Connection->getReadPdo()
#8 D:\\laragon\\laragon\\www\\sungoods\\vendor\\laravel\\framework\\src\\Illuminate\\Database\\Connection.php(414): Illuminate\\Database\\Connection->getPdoForSelect(true)
#9 D:\\laragon\\laragon\\www\\sungoods\\vendor\\laravel\\framework\\src\\Illuminate\\Database\\Connection.php(753): Illuminate\\Database\\Connection->Illuminate\\Database\\{closure}('select * from `...', Array)
#10 D:\\laragon\\laragon\\www\\sungoods\\vendor\\laravel\\framework\\src\\Illuminate\\Database\\Connection.php(720): Illuminate\\Database\\Connection->runQueryCallback('select * from `...', Array, Object(Closure))
#11 D:\\laragon\\laragon\\www\\sungoods\\vendor\\laravel\\framework\\src\\Illuminate\\Database\\Connection.php(405): Illuminate\\Database\\Connection->run('select * from `...', Array, Object(Closure))
#12 D:\\laragon\\laragon\\www\\sungoods\\vendor\\laravel\\framework\\src\\Illuminate\\Database\\Query\\Builder.php(2705): Illuminate\\Database\\Connection->select('select * from `...', Array, true)
#13 D:\\laragon\\laragon\\www\\sungoods\\vendor\\laravel\\framework\\src\\Illuminate\\Database\\Query\\Builder.php(2694): Illuminate\\Database\\Query\\Builder->runSelect()
#14 D:\\laragon\\laragon\\www\\sungoods\\vendor\\laravel\\framework\\src\\Illuminate\\Database\\Query\\Builder.php(3230): Illuminate\\Database\\Query\\Builder->Illuminate\\Database\\Query\\{closure}()
#15 D:\\laragon\\laragon\\www\\sungoods\\vendor\\laravel\\framework\\src\\Illuminate\\Database\\Query\\Builder.php(2693): Illuminate\\Database\\Query\\Builder->onceWithColumns(Array, Object(Closure))
#16 D:\\laragon\\laragon\\www\\sungoods\\vendor\\laravel\\framework\\src\\Illuminate\\Database\\Eloquent\\Builder.php(710): Illuminate\\Database\\Query\\Builder->get(Array)
#17 D:\\laragon\\laragon\\www\\sungoods\\vendor\\laravel\\framework\\src\\Illuminate\\Database\\Eloquent\\Builder.php(694): Illuminate\\Database\\Eloquent\\Builder->getModels(Array)
#18 D:\\laragon\\laragon\\www\\sungoods\\app\\Providers\\AppServiceProvider.php(40): Illuminate\\Database\\Eloquent\\Builder->get()
#19 D:\\laragon\\laragon\\www\\sungoods\\vendor\\laravel\\framework\\src\\Illuminate\\View\\Concerns\\ManagesEvents.php(162): App\\Providers\\AppServiceProvider->App\\Providers\\{closure}(Object(Illuminate\\View\\View))
#20 D:\\laragon\\laragon\\www\\sungoods\\vendor\\laravel\\framework\\src\\Illuminate\\Events\\Dispatcher.php(418): Illuminate\\View\\Factory->Illuminate\\View\\Concerns\\{closure}('composing: erro...', Array)
#21 D:\\laragon\\laragon\\www\\sungoods\\vendor\\laravel\\framework\\src\\Illuminate\\Events\\Dispatcher.php(249): Illuminate\\Events\\Dispatcher->Illuminate\\Events\\{closure}('composing: erro...', Array)
#22 D:\\laragon\\laragon\\www\\sungoods\\vendor\\laravel\\framework\\src\\Illuminate\\View\\Concerns\\ManagesEvents.php(177): Illuminate\\Events\\Dispatcher->dispatch('composing: erro...', Array)
#23 D:\\laragon\\laragon\\www\\sungoods\\vendor\\laravel\\framework\\src\\Illuminate\\View\\View.php(176): Illuminate\\View\\Factory->callComposer(Object(Illuminate\\View\\View))
#24 D:\\laragon\\laragon\\www\\sungoods\\vendor\\laravel\\framework\\src\\Illuminate\\View\\View.php(147): Illuminate\\View\\View->renderContents()
#25 D:\\laragon\\laragon\\www\\sungoods\\vendor\\laravel\\framework\\src\\Illuminate\\Http\\Response.php(69): Illuminate\\View\\View->render()
#26 D:\\laragon\\laragon\\www\\sungoods\\vendor\\laravel\\framework\\src\\Illuminate\\Http\\Response.php(35): Illuminate\\Http\\Response->setContent(Object(Illuminate\\View\\View))
#27 D:\\laragon\\laragon\\www\\sungoods\\vendor\\laravel\\framework\\src\\Illuminate\\Routing\\ResponseFactory.php(57): Illuminate\\Http\\Response->__construct(Object(Illuminate\\View\\View), 500, Array)
#28 D:\\laragon\\laragon\\www\\sungoods\\vendor\\laravel\\framework\\src\\Illuminate\\Routing\\ResponseFactory.php(87): Illuminate\\Routing\\ResponseFactory->make(Object(Illuminate\\View\\View), 500, Array)
#29 D:\\laragon\\laragon\\www\\sungoods\\vendor\\laravel\\framework\\src\\Illuminate\\Foundation\\Exceptions\\Handler.php(626): Illuminate\\Routing\\ResponseFactory->view('errors::500', Array, 500, Array)
#30 D:\\laragon\\laragon\\www\\sungoods\\vendor\\laravel\\framework\\src\\Illuminate\\Foundation\\Exceptions\\Handler.php(554): Illuminate\\Foundation\\Exceptions\\Handler->renderHttpException(Object(Symfony\\Component\\HttpKernel\\Exception\\HttpException))
#31 D:\\laragon\\laragon\\www\\sungoods\\vendor\\laravel\\framework\\src\\Illuminate\\Foundation\\Exceptions\\Handler.php(460): Illuminate\\Foundation\\Exceptions\\Handler->prepareResponse(Object(Illuminate\\Http\\Request), Object(Symfony\\Component\\HttpKernel\\Exception\\HttpException))
#32 D:\\laragon\\laragon\\www\\sungoods\\vendor\\laravel\\framework\\src\\Illuminate\\Foundation\\Exceptions\\Handler.php(377): Illuminate\\Foundation\\Exceptions\\Handler->renderExceptionResponse(Object(Illuminate\\Http\\Request), Object(Illuminate\\Database\\QueryException))
#33 D:\\laragon\\laragon\\www\\sungoods\\vendor\\laravel\\framework\\src\\Illuminate\\Routing\\Pipeline.php(51): Illuminate\\Foundation\\Exceptions\\Handler->render(Object(Illuminate\\Http\\Request), Object(Illuminate\\Database\\QueryException))
#34 D:\\laragon\\laragon\\www\\sungoods\\vendor\\laravel\\framework\\src\\Illuminate\\Pipeline\\Pipeline.php(185): Illuminate\\Routing\\Pipeline->handleException(Object(Illuminate\\Http\\Request), Object(Illuminate\\Database\\QueryException))
#35 D:\\laragon\\laragon\\www\\sungoods\\vendor\\laravel\\framework\\src\\Illuminate\\Http\\Middleware\\TrustProxies.php(39): Illuminate\\Pipeline\\Pipeline->Illuminate\\Pipeline\\{closure}(Object(Illuminate\\Http\\Request))
#36 D:\\laragon\\laragon\\www\\sungoods\\vendor\\laravel\\framework\\src\\Illuminate\\Pipeline\\Pipeline.php(180): Illuminate\\Http\\Middleware\\TrustProxies->handle(Object(Illuminate\\Http\\Request), Object(Closure))
#37 D:\\laragon\\laragon\\www\\sungoods\\vendor\\laravel\\framework\\src\\Illuminate\\Pipeline\\Pipeline.php(116): Illuminate\\Pipeline\\Pipeline->Illuminate\\Pipeline\\{closure}(Object(Illuminate\\Http\\Request))
#38 D:\\laragon\\laragon\\www\\sungoods\\vendor\\laravel\\framework\\src\\Illuminate\\Foundation\\Http\\Kernel.php(165): Illuminate\\Pipeline\\Pipeline->then(Object(Closure))
#39 D:\\laragon\\laragon\\www\\sungoods\\vendor\\laravel\\framework\\src\\Illuminate\\Foundation\\Http\\Kernel.php(134): Illuminate\\Foundation\\Http\\Kernel->sendRequestThroughRouter(Object(Illuminate\\Http\\Request))
#40 D:\\laragon\\laragon\\www\\sungoods\\public\\index.php(51): Illuminate\\Foundation\\Http\\Kernel->handle(Object(Illuminate\\Http\\Request))
#41 {main}
"} 
[2026-04-22 07:48:11] production.ERROR: SQLSTATE[HY000] [1045] Access denied for user 'forge'@'localhost' (using password: YES) (SQL: select * from `menus` where `active` = 1 and `type` = header_menu order by `drag_id` asc, `created_at` desc) {"exception":"[object] (Illuminate\\Database\\QueryException(code: 1045): SQLSTATE[HY000] [1045] Access denied for user 'forge'@'localhost' (using password: YES) (SQL: select * from `menus` where `active` = 1 and `type` = header_menu order by `drag_id` asc, `created_at` desc) at D:\\laragon\\laragon\\www\\sungoods\\vendor\\laravel\\framework\\src\\Illuminate\\Database\\Connection.php:760)
[stacktrace]
#0 D:\\laragon\\laragon\\www\\sungoods\\vendor\\laravel\\framework\\src\\Illuminate\\Database\\Connection.php(720): Illuminate\\Database\\Connection->runQueryCallback('select * from `...', Array, Object(Closure))
#1 D:\\laragon\\laragon\\www\\sungoods\\vendor\\laravel\\framework\\src\\Illuminate\\Database\\Connection.php(405): Illuminate\\Database\\Connection->run('select * from `...', Array, Object(Closure))
#2 D:\\laragon\\laragon\\www\\sungoods\\vendor\\laravel\\framework\\src\\Illuminate\\Database\\Query\\Builder.php(2705): Illuminate\\Database\\Connection->select('select * from `...', Array, true)
#3 D:\\laragon\\laragon\\www\\sungoods\\vendor\\laravel\\framework\\src\\Illuminate\\Database\\Query\\Builder.php(2694): Illuminate\\Database\\Query\\Builder->runSelect()
#4 D:\\laragon\\laragon\\www\\sungoods\\vendor\\laravel\\framework\\src\\Illuminate\\Database\\Query\\Builder.php(3230): Illuminate\\Database\\Query\\Builder->Illuminate\\Database\\Query\\{closure}()
#5 D:\\laragon\\laragon\\www\\sungoods\\vendor\\laravel\\framework\\src\\Illuminate\\Database\\Query\\Builder.php(2693): Illuminate\\Database\\Query\\Builder->onceWithColumns(Array, Object(Closure))
#6 D:\\laragon\\laragon\\www\\sungoods\\vendor\\laravel\\framework\\src\\Illuminate\\Database\\Eloquent\\Builder.php(710): Illuminate\\Database\\Query\\Builder->get(Array)
#7 D:\\laragon\\laragon\\www\\sungoods\\vendor\\laravel\\framework\\src\\Illuminate\\Database\\Eloquent\\Builder.php(694): Illuminate\\Database\\Eloquent\\Builder->getModels(Array)
#8 D:\\laragon\\laragon\\www\\sungoods\\app\\Providers\\AppServiceProvider.php(40): Illuminate\\Database\\Eloquent\\Builder->get()
#9 D:\\laragon\\laragon\\www\\sungoods\\vendor\\laravel\\framework\\src\\Illuminate\\View\\Concerns\\ManagesEvents.php(162): App\\Providers\\AppServiceProvider->App\\Providers\\{closure}(Object(Illuminate\\View\\View))
#10 D:\\laragon\\laragon\\www\\sungoods\\vendor\\laravel\\framework\\src\\Illuminate\\Events\\Dispatcher.php(418): Illuminate\\View\\Factory->Illuminate\\View\\Concerns\\{closure}('composing: erro...', Array)
#11 D:\\laragon\\laragon\\www\\sungoods\\vendor\\laravel\\framework\\src\\Illuminate\\Events\\Dispatcher.php(249): Illuminate\\Events\\Dispatcher->Illuminate\\Events\\{closure}('composing: erro...', Array)
#12 D:\\laragon\\laragon\\www\\sungoods\\vendor\\laravel\\framework\\src\\Illuminate\\View\\Concerns\\ManagesEvents.php(177): Illuminate\\Events\\Dispatcher->dispatch('composing: erro...', Array)
#13 D:\\laragon\\laragon\\www\\sungoods\\vendor\\laravel\\framework\\src\\Illuminate\\View\\View.php(176): Illuminate\\View\\Factory->callComposer(Object(Illuminate\\View\\View))
#14 D:\\laragon\\laragon\\www\\sungoods\\vendor\\laravel\\framework\\src\\Illuminate\\View\\View.php(147): Illuminate\\View\\View->renderContents()
#15 D:\\laragon\\laragon\\www\\sungoods\\vendor\\laravel\\framework\\src\\Illuminate\\Http\\Response.php(69): Illuminate\\View\\View->render()
#16 D:\\laragon\\laragon\\www\\sungoods\\vendor\\laravel\\framework\\src\\Illuminate\\Http\\Response.php(35): Illuminate\\Http\\Response->setContent(Object(Illuminate\\View\\View))
#17 D:\\laragon\\laragon\\www\\sungoods\\vendor\\laravel\\framework\\src\\Illuminate\\Routing\\ResponseFactory.php(57): Illuminate\\Http\\Response->__construct(Object(Illuminate\\View\\View), 500, Array)
#18 D:\\laragon\\laragon\\www\\sungoods\\vendor\\laravel\\framework\\src\\Illuminate\\Routing\\ResponseFactory.php(87): Illuminate\\Routing\\ResponseFactory->make(Object(Illuminate\\View\\View), 500, Array)
#19 D:\\laragon\\laragon\\www\\sungoods\\vendor\\laravel\\framework\\src\\Illuminate\\Foundation\\Exceptions\\Handler.php(626): Illuminate\\Routing\\ResponseFactory->view('errors::500', Array, 500, Array)
#20 D:\\laragon\\laragon\\www\\sungoods\\vendor\\laravel\\framework\\src\\Illuminate\\Foundation\\Exceptions\\Handler.php(554): Illuminate\\Foundation\\Exceptions\\Handler->renderHttpException(Object(Symfony\\Component\\HttpKernel\\Exception\\HttpException))
#21 D:\\laragon\\laragon\\www\\sungoods\\vendor\\laravel\\framework\\src\\Illuminate\\Foundation\\Exceptions\\Handler.php(460): Illuminate\\Foundation\\Exceptions\\Handler->prepareResponse(Object(Illuminate\\Http\\Request), Object(Symfony\\Component\\HttpKernel\\Exception\\HttpException))
#22 D:\\laragon\\laragon\\www\\sungoods\\vendor\\laravel\\framework\\src\\Illuminate\\Foundation\\Exceptions\\Handler.php(377): Illuminate\\Foundation\\Exceptions\\Handler->renderExceptionResponse(Object(Illuminate\\Http\\Request), Object(Illuminate\\Database\\QueryException))
#23 D:\\laragon\\laragon\\www\\sungoods\\vendor\\laravel\\framework\\src\\Illuminate\\Routing\\Pipeline.php(51): Illuminate\\Foundation\\Exceptions\\Handler->render(Object(Illuminate\\Http\\Request), Object(Illuminate\\Database\\QueryException))
#24 D:\\laragon\\laragon\\www\\sungoods\\vendor\\laravel\\framework\\src\\Illuminate\\Pipeline\\Pipeline.php(185): Illuminate\\Routing\\Pipeline->handleException(Object(Illuminate\\Http\\Request), Object(Illuminate\\Database\\QueryException))
#25 D:\\laragon\\laragon\\www\\sungoods\\vendor\\laravel\\framework\\src\\Illuminate\\Pipeline\\Pipeline.php(116): Illuminate\\Pipeline\\Pipeline->Illuminate\\Pipeline\\{closure}(Object(Illuminate\\Http\\Request))
#26 D:\\laragon\\laragon\\www\\sungoods\\vendor\\laravel\\framework\\src\\Illuminate\\Foundation\\Http\\Kernel.php(165): Illuminate\\Pipeline\\Pipeline->then(Object(Closure))
#27 D:\\laragon\\laragon\\www\\sungoods\\vendor\\laravel\\framework\\src\\Illuminate\\Foundation\\Http\\Kernel.php(134): Illuminate\\Foundation\\Http\\Kernel->sendRequestThroughRouter(Object(Illuminate\\Http\\Request))
#28 D:\\laragon\\laragon\\www\\sungoods\\public\\index.php(51): Illuminate\\Foundation\\Http\\Kernel->handle(Object(Illuminate\\Http\\Request))
#29 {main}

[previous exception] [object] (PDOException(code: 1045): SQLSTATE[HY000] [1045] Access denied for user 'forge'@'localhost' (using password: YES) at D:\\laragon\\laragon\\www\\sungoods\\vendor\\laravel\\framework\\src\\Illuminate\\Database\\Connectors\\Connector.php:70)
[stacktrace]
#0 D:\\laragon\\laragon\\www\\sungoods\\vendor\\laravel\\framework\\src\\Illuminate\\Database\\Connectors\\Connector.php(70): PDO->__construct('mysql:host=127....', 'forge', Object(SensitiveParameterValue), Array)
#1 D:\\laragon\\laragon\\www\\sungoods\\vendor\\laravel\\framework\\src\\Illuminate\\Database\\Connectors\\Connector.php(45): Illuminate\\Database\\Connectors\\Connector->createPdoConnection('mysql:host=127....', 'forge', '', Array)
#2 D:\\laragon\\laragon\\www\\sungoods\\vendor\\laravel\\framework\\src\\Illuminate\\Database\\Connectors\\MySqlConnector.php(24): Illuminate\\Database\\Connectors\\Connector->createConnection('mysql:host=127....', Array, Array)
#3 D:\\laragon\\laragon\\www\\sungoods\\vendor\\laravel\\framework\\src\\Illuminate\\Database\\Connectors\\ConnectionFactory.php(184): Illuminate\\Database\\Connectors\\MySqlConnector->connect(Array)
#4 [internal function]: Illuminate\\Database\\Connectors\\ConnectionFactory->Illuminate\\Database\\Connectors\\{closure}()
#5 D:\\laragon\\laragon\\www\\sungoods\\vendor\\laravel\\framework\\src\\Illuminate\\Database\\Connection.php(1181): call_user_func(Object(Closure))
#6 D:\\laragon\\laragon\\www\\sungoods\\vendor\\laravel\\framework\\src\\Illuminate\\Database\\Connection.php(1217): Illuminate\\Database\\Connection->getPdo()
#7 D:\\laragon\\laragon\\www\\sungoods\\vendor\\laravel\\framework\\src\\Illuminate\\Database\\Connection.php(486): Illuminate\\Database\\Connection->getReadPdo()
#8 D:\\laragon\\laragon\\www\\sungoods\\vendor\\laravel\\framework\\src\\Illuminate\\Database\\Connection.php(414): Illuminate\\Database\\Connection->getPdoForSelect(true)
#9 D:\\laragon\\laragon\\www\\sungoods\\vendor\\laravel\\framework\\src\\Illuminate\\Database\\Connection.php(753): Illuminate\\Database\\Connection->Illuminate\\Database\\{closure}('select * from `...', Array)
#10 D:\\laragon\\laragon\\www\\sungoods\\vendor\\laravel\\framework\\src\\Illuminate\\Database\\Connection.php(720): Illuminate\\Database\\Connection->runQueryCallback('select * from `...', Array, Object(Closure))
#11 D:\\laragon\\laragon\\www\\sungoods\\vendor\\laravel\\framework\\src\\Illuminate\\Database\\Connection.php(405): Illuminate\\Database\\Connection->run('select * from `...', Array, Object(Closure))
#12 D:\\laragon\\laragon\\www\\sungoods\\vendor\\laravel\\framework\\src\\Illuminate\\Database\\Query\\Builder.php(2705): Illuminate\\Database\\Connection->select('select * from `...', Array, true)
#13 D:\\laragon\\laragon\\www\\sungoods\\vendor\\laravel\\framework\\src\\Illuminate\\Database\\Query\\Builder.php(2694): Illuminate\\Database\\Query\\Builder->runSelect()
#14 D:\\laragon\\laragon\\www\\sungoods\\vendor\\laravel\\framework\\src\\Illuminate\\Database\\Query\\Builder.php(3230): Illuminate\\Database\\Query\\Builder->Illuminate\\Database\\Query\\{closure}()
#15 D:\\laragon\\laragon\\www\\sungoods\\vendor\\laravel\\framework\\src\\Illuminate\\Database\\Query\\Builder.php(2693): Illuminate\\Database\\Query\\Builder->onceWithColumns(Array, Object(Closure))
#16 D:\\laragon\\laragon\\www\\sungoods\\vendor\\laravel\\framework\\src\\Illuminate\\Database\\Eloquent\\Builder.php(710): Illuminate\\Database\\Query\\Builder->get(Array)
#17 D:\\laragon\\laragon\\www\\sungoods\\vendor\\laravel\\framework\\src\\Illuminate\\Database\\Eloquent\\Builder.php(694): Illuminate\\Database\\Eloquent\\Builder->getModels(Array)
#18 D:\\laragon\\laragon\\www\\sungoods\\app\\Providers\\AppServiceProvider.php(40): Illuminate\\Database\\Eloquent\\Builder->get()
#19 D:\\laragon\\laragon\\www\\sungoods\\vendor\\laravel\\framework\\src\\Illuminate\\View\\Concerns\\ManagesEvents.php(162): App\\Providers\\AppServiceProvider->App\\Providers\\{closure}(Object(Illuminate\\View\\View))
#20 D:\\laragon\\laragon\\www\\sungoods\\vendor\\laravel\\framework\\src\\Illuminate\\Events\\Dispatcher.php(418): Illuminate\\View\\Factory->Illuminate\\View\\Concerns\\{closure}('composing: erro...', Array)
#21 D:\\laragon\\laragon\\www\\sungoods\\vendor\\laravel\\framework\\src\\Illuminate\\Events\\Dispatcher.php(249): Illuminate\\Events\\Dispatcher->Illuminate\\Events\\{closure}('composing: erro...', Array)
#22 D:\\laragon\\laragon\\www\\sungoods\\vendor\\laravel\\framework\\src\\Illuminate\\View\\Concerns\\ManagesEvents.php(177): Illuminate\\Events\\Dispatcher->dispatch('composing: erro...', Array)
#23 D:\\laragon\\laragon\\www\\sungoods\\vendor\\laravel\\framework\\src\\Illuminate\\View\\View.php(176): Illuminate\\View\\Factory->callComposer(Object(Illuminate\\View\\View))
#24 D:\\laragon\\laragon\\www\\sungoods\\vendor\\laravel\\framework\\src\\Illuminate\\View\\View.php(147): Illuminate\\View\\View->renderContents()
#25 D:\\laragon\\laragon\\www\\sungoods\\vendor\\laravel\\framework\\src\\Illuminate\\Http\\Response.php(69): Illuminate\\View\\View->render()
#26 D:\\laragon\\laragon\\www\\sungoods\\vendor\\laravel\\framework\\src\\Illuminate\\Http\\Response.php(35): Illuminate\\Http\\Response->setContent(Object(Illuminate\\View\\View))
#27 D:\\laragon\\laragon\\www\\sungoods\\vendor\\laravel\\framework\\src\\Illuminate\\Routing\\ResponseFactory.php(57): Illuminate\\Http\\Response->__construct(Object(Illuminate\\View\\View), 500, Array)
#28 D:\\laragon\\laragon\\www\\sungoods\\vendor\\laravel\\framework\\src\\Illuminate\\Routing\\ResponseFactory.php(87): Illuminate\\Routing\\ResponseFactory->make(Object(Illuminate\\View\\View), 500, Array)
#29 D:\\laragon\\laragon\\www\\sungoods\\vendor\\laravel\\framework\\src\\Illuminate\\Foundation\\Exceptions\\Handler.php(626): Illuminate\\Routing\\ResponseFactory->view('errors::500', Array, 500, Array)
#30 D:\\laragon\\laragon\\www\\sungoods\\vendor\\laravel\\framework\\src\\Illuminate\\Foundation\\Exceptions\\Handler.php(554): Illuminate\\Foundation\\Exceptions\\Handler->renderHttpException(Object(Symfony\\Component\\HttpKernel\\Exception\\HttpException))
#31 D:\\laragon\\laragon\\www\\sungoods\\vendor\\laravel\\framework\\src\\Illuminate\\Foundation\\Exceptions\\Handler.php(460): Illuminate\\Foundation\\Exceptions\\Handler->prepareResponse(Object(Illuminate\\Http\\Request), Object(Symfony\\Component\\HttpKernel\\Exception\\HttpException))
#32 D:\\laragon\\laragon\\www\\sungoods\\vendor\\laravel\\framework\\src\\Illuminate\\Foundation\\Exceptions\\Handler.php(377): Illuminate\\Foundation\\Exceptions\\Handler->renderExceptionResponse(Object(Illuminate\\Http\\Request), Object(Illuminate\\Database\\QueryException))
#33 D:\\laragon\\laragon\\www\\sungoods\\vendor\\laravel\\framework\\src\\Illuminate\\Routing\\Pipeline.php(51): Illuminate\\Foundation\\Exceptions\\Handler->render(Object(Illuminate\\Http\\Request), Object(Illuminate\\Database\\QueryException))
#34 D:\\laragon\\laragon\\www\\sungoods\\vendor\\laravel\\framework\\src\\Illuminate\\Pipeline\\Pipeline.php(185): Illuminate\\Routing\\Pipeline->handleException(Object(Illuminate\\Http\\Request), Object(Illuminate\\Database\\QueryException))
#35 D:\\laragon\\laragon\\www\\sungoods\\vendor\\laravel\\framework\\src\\Illuminate\\Pipeline\\Pipeline.php(116): Illuminate\\Pipeline\\Pipeline->Illuminate\\Pipeline\\{closure}(Object(Illuminate\\Http\\Request))
#36 D:\\laragon\\laragon\\www\\sungoods\\vendor\\laravel\\framework\\src\\Illuminate\\Foundation\\Http\\Kernel.php(165): Illuminate\\Pipeline\\Pipeline->then(Object(Closure))
#37 D:\\laragon\\laragon\\www\\sungoods\\vendor\\laravel\\framework\\src\\Illuminate\\Foundation\\Http\\Kernel.php(134): Illuminate\\Foundation\\Http\\Kernel->sendRequestThroughRouter(Object(Illuminate\\Http\\Request))
#38 D:\\laragon\\laragon\\www\\sungoods\\public\\index.php(51): Illuminate\\Foundation\\Http\\Kernel->handle(Object(Illuminate\\Http\\Request))
#39 {main}
"} 
[2026-04-22 07:48:11] production.ERROR: SQLSTATE[HY000] [1045] Access denied for user 'forge'@'localhost' (using password: YES) (SQL: select * from `menus` where `active` = 1 and `type` = header_menu order by `drag_id` asc, `created_at` desc) {"exception":"[object] (Illuminate\\Database\\QueryException(code: 1045): SQLSTATE[HY000] [1045] Access denied for user 'forge'@'localhost' (using password: YES) (SQL: select * from `menus` where `active` = 1 and `type` = header_menu order by `drag_id` asc, `created_at` desc) at D:\\laragon\\laragon\\www\\sungoods\\vendor\\laravel\\framework\\src\\Illuminate\\Database\\Connection.php:760)
[stacktrace]
#0 D:\\laragon\\laragon\\www\\sungoods\\vendor\\laravel\\framework\\src\\Illuminate\\Database\\Connection.php(720): Illuminate\\Database\\Connection->runQueryCallback('select * from `...', Array, Object(Closure))
#1 D:\\laragon\\laragon\\www\\sungoods\\vendor\\laravel\\framework\\src\\Illuminate\\Database\\Connection.php(405): Illuminate\\Database\\Connection->run('select * from `...', Array, Object(Closure))
#2 D:\\laragon\\laragon\\www\\sungoods\\vendor\\laravel\\framework\\src\\Illuminate\\Database\\Query\\Builder.php(2705): Illuminate\\Database\\Connection->select('select * from `...', Array, true)
#3 D:\\laragon\\laragon\\www\\sungoods\\vendor\\laravel\\framework\\src\\Illuminate\\Database\\Query\\Builder.php(2694): Illuminate\\Database\\Query\\Builder->runSelect()
#4 D:\\laragon\\laragon\\www\\sungoods\\vendor\\laravel\\framework\\src\\Illuminate\\Database\\Query\\Builder.php(3230): Illuminate\\Database\\Query\\Builder->Illuminate\\Database\\Query\\{closure}()
#5 D:\\laragon\\laragon\\www\\sungoods\\vendor\\laravel\\framework\\src\\Illuminate\\Database\\Query\\Builder.php(2693): Illuminate\\Database\\Query\\Builder->onceWithColumns(Array, Object(Closure))
#6 D:\\laragon\\laragon\\www\\sungoods\\vendor\\laravel\\framework\\src\\Illuminate\\Database\\Eloquent\\Builder.php(710): Illuminate\\Database\\Query\\Builder->get(Array)
#7 D:\\laragon\\laragon\\www\\sungoods\\vendor\\laravel\\framework\\src\\Illuminate\\Database\\Eloquent\\Builder.php(694): Illuminate\\Database\\Eloquent\\Builder->getModels(Array)
#8 D:\\laragon\\laragon\\www\\sungoods\\app\\Providers\\AppServiceProvider.php(40): Illuminate\\Database\\Eloquent\\Builder->get()
#9 D:\\laragon\\laragon\\www\\sungoods\\vendor\\laravel\\framework\\src\\Illuminate\\View\\Concerns\\ManagesEvents.php(162): App\\Providers\\AppServiceProvider->App\\Providers\\{closure}(Object(Illuminate\\View\\View))
#10 D:\\laragon\\laragon\\www\\sungoods\\vendor\\laravel\\framework\\src\\Illuminate\\Events\\Dispatcher.php(418): Illuminate\\View\\Factory->Illuminate\\View\\Concerns\\{closure}('composing: erro...', Array)
#11 D:\\laragon\\laragon\\www\\sungoods\\vendor\\laravel\\framework\\src\\Illuminate\\Events\\Dispatcher.php(249): Illuminate\\Events\\Dispatcher->Illuminate\\Events\\{closure}('composing: erro...', Array)
#12 D:\\laragon\\laragon\\www\\sungoods\\vendor\\laravel\\framework\\src\\Illuminate\\View\\Concerns\\ManagesEvents.php(177): Illuminate\\Events\\Dispatcher->dispatch('composing: erro...', Array)
#13 D:\\laragon\\laragon\\www\\sungoods\\vendor\\laravel\\framework\\src\\Illuminate\\View\\View.php(176): Illuminate\\View\\Factory->callComposer(Object(Illuminate\\View\\View))
#14 D:\\laragon\\laragon\\www\\sungoods\\vendor\\laravel\\framework\\src\\Illuminate\\View\\View.php(147): Illuminate\\View\\View->renderContents()
#15 D:\\laragon\\laragon\\www\\sungoods\\vendor\\laravel\\framework\\src\\Illuminate\\Http\\Response.php(69): Illuminate\\View\\View->render()
#16 D:\\laragon\\laragon\\www\\sungoods\\vendor\\laravel\\framework\\src\\Illuminate\\Http\\Response.php(35): Illuminate\\Http\\Response->setContent(Object(Illuminate\\View\\View))
#17 D:\\laragon\\laragon\\www\\sungoods\\vendor\\laravel\\framework\\src\\Illuminate\\Routing\\ResponseFactory.php(57): Illuminate\\Http\\Response->__construct(Object(Illuminate\\View\\View), 500, Array)
#18 D:\\laragon\\laragon\\www\\sungoods\\vendor\\laravel\\framework\\src\\Illuminate\\Routing\\ResponseFactory.php(87): Illuminate\\Routing\\ResponseFactory->make(Object(Illuminate\\View\\View), 500, Array)
#19 D:\\laragon\\laragon\\www\\sungoods\\vendor\\laravel\\framework\\src\\Illuminate\\Foundation\\Exceptions\\Handler.php(626): Illuminate\\Routing\\ResponseFactory->view('errors::500', Array, 500, Array)
#20 D:\\laragon\\laragon\\www\\sungoods\\vendor\\laravel\\framework\\src\\Illuminate\\Foundation\\Exceptions\\Handler.php(554): Illuminate\\Foundation\\Exceptions\\Handler->renderHttpException(Object(Symfony\\Component\\HttpKernel\\Exception\\HttpException))
#21 D:\\laragon\\laragon\\www\\sungoods\\vendor\\laravel\\framework\\src\\Illuminate\\Foundation\\Exceptions\\Handler.php(460): Illuminate\\Foundation\\Exceptions\\Handler->prepareResponse(Object(Illuminate\\Http\\Request), Object(Symfony\\Component\\HttpKernel\\Exception\\HttpException))
#22 D:\\laragon\\laragon\\www\\sungoods\\vendor\\laravel\\framework\\src\\Illuminate\\Foundation\\Exceptions\\Handler.php(377): Illuminate\\Foundation\\Exceptions\\Handler->renderExceptionResponse(Object(Illuminate\\Http\\Request), Object(Illuminate\\Database\\QueryException))
#23 D:\\laragon\\laragon\\www\\sungoods\\vendor\\laravel\\framework\\src\\Illuminate\\Foundation\\Http\\Kernel.php(493): Illuminate\\Foundation\\Exceptions\\Handler->render(Object(Illuminate\\Http\\Request), Object(Illuminate\\Database\\QueryException))
#24 D:\\laragon\\laragon\\www\\sungoods\\vendor\\laravel\\framework\\src\\Illuminate\\Foundation\\Http\\Kernel.php(138): Illuminate\\Foundation\\Http\\Kernel->renderException(Object(Illuminate\\Http\\Request), Object(Illuminate\\Database\\QueryException))
#25 D:\\laragon\\laragon\\www\\sungoods\\public\\index.php(51): Illuminate\\Foundation\\Http\\Kernel->handle(Object(Illuminate\\Http\\Request))
#26 {main}

[previous exception] [object] (PDOException(code: 1045): SQLSTATE[HY000] [1045] Access denied for user 'forge'@'localhost' (using password: YES) at D:\\laragon\\laragon\\www\\sungoods\\vendor\\laravel\\framework\\src\\Illuminate\\Database\\Connectors\\Connector.php:70)
[stacktrace]
#0 D:\\laragon\\laragon\\www\\sungoods\\vendor\\laravel\\framework\\src\\Illuminate\\Database\\Connectors\\Connector.php(70): PDO->__construct('mysql:host=127....', 'forge', Object(SensitiveParameterValue), Array)
#1 D:\\laragon\\laragon\\www\\sungoods\\vendor\\laravel\\framework\\src\\Illuminate\\Database\\Connectors\\Connector.php(45): Illuminate\\Database\\Connectors\\Connector->createPdoConnection('mysql:host=127....', 'forge', '', Array)
#2 D:\\laragon\\laragon\\www\\sungoods\\vendor\\laravel\\framework\\src\\Illuminate\\Database\\Connectors\\MySqlConnector.php(24): Illuminate\\Database\\Connectors\\Connector->createConnection('mysql:host=127....', Array, Array)
#3 D:\\laragon\\laragon\\www\\sungoods\\vendor\\laravel\\framework\\src\\Illuminate\\Database\\Connectors\\ConnectionFactory.php(184): Illuminate\\Database\\Connectors\\MySqlConnector->connect(Array)
#4 [internal function]: Illuminate\\Database\\Connectors\\ConnectionFactory->Illuminate\\Database\\Connectors\\{closure}()
#5 D:\\laragon\\laragon\\www\\sungoods\\vendor\\laravel\\framework\\src\\Illuminate\\Database\\Connection.php(1181): call_user_func(Object(Closure))
#6 D:\\laragon\\laragon\\www\\sungoods\\vendor\\laravel\\framework\\src\\Illuminate\\Database\\Connection.php(1217): Illuminate\\Database\\Connection->getPdo()
#7 D:\\laragon\\laragon\\www\\sungoods\\vendor\\laravel\\framework\\src\\Illuminate\\Database\\Connection.php(486): Illuminate\\Database\\Connection->getReadPdo()
#8 D:\\laragon\\laragon\\www\\sungoods\\vendor\\laravel\\framework\\src\\Illuminate\\Database\\Connection.php(414): Illuminate\\Database\\Connection->getPdoForSelect(true)
#9 D:\\laragon\\laragon\\www\\sungoods\\vendor\\laravel\\framework\\src\\Illuminate\\Database\\Connection.php(753): Illuminate\\Database\\Connection->Illuminate\\Database\\{closure}('select * from `...', Array)
#10 D:\\laragon\\laragon\\www\\sungoods\\vendor\\laravel\\framework\\src\\Illuminate\\Database\\Connection.php(720): Illuminate\\Database\\Connection->runQueryCallback('select * from `...', Array, Object(Closure))
#11 D:\\laragon\\laragon\\www\\sungoods\\vendor\\laravel\\framework\\src\\Illuminate\\Database\\Connection.php(405): Illuminate\\Database\\Connection->run('select * from `...', Array, Object(Closure))
#12 D:\\laragon\\laragon\\www\\sungoods\\vendor\\laravel\\framework\\src\\Illuminate\\Database\\Query\\Builder.php(2705): Illuminate\\Database\\Connection->select('select * from `...', Array, true)
#13 D:\\laragon\\laragon\\www\\sungoods\\vendor\\laravel\\framework\\src\\Illuminate\\Database\\Query\\Builder.php(2694): Illuminate\\Database\\Query\\Builder->runSelect()
#14 D:\\laragon\\laragon\\www\\sungoods\\vendor\\laravel\\framework\\src\\Illuminate\\Database\\Query\\Builder.php(3230): Illuminate\\Database\\Query\\Builder->Illuminate\\Database\\Query\\{closure}()
#15 D:\\laragon\\laragon\\www\\sungoods\\vendor\\laravel\\framework\\src\\Illuminate\\Database\\Query\\Builder.php(2693): Illuminate\\Database\\Query\\Builder->onceWithColumns(Array, Object(Closure))
#16 D:\\laragon\\laragon\\www\\sungoods\\vendor\\laravel\\framework\\src\\Illuminate\\Database\\Eloquent\\Builder.php(710): Illuminate\\Database\\Query\\Builder->get(Array)
#17 D:\\laragon\\laragon\\www\\sungoods\\vendor\\laravel\\framework\\src\\Illuminate\\Database\\Eloquent\\Builder.php(694): Illuminate\\Database\\Eloquent\\Builder->getModels(Array)
#18 D:\\laragon\\laragon\\www\\sungoods\\app\\Providers\\AppServiceProvider.php(40): Illuminate\\Database\\Eloquent\\Builder->get()
#19 D:\\laragon\\laragon\\www\\sungoods\\vendor\\laravel\\framework\\src\\Illuminate\\View\\Concerns\\ManagesEvents.php(162): App\\Providers\\AppServiceProvider->App\\Providers\\{closure}(Object(Illuminate\\View\\View))
#20 D:\\laragon\\laragon\\www\\sungoods\\vendor\\laravel\\framework\\src\\Illuminate\\Events\\Dispatcher.php(418): Illuminate\\View\\Factory->Illuminate\\View\\Concerns\\{closure}('composing: erro...', Array)
#21 D:\\laragon\\laragon\\www\\sungoods\\vendor\\laravel\\framework\\src\\Illuminate\\Events\\Dispatcher.php(249): Illuminate\\Events\\Dispatcher->Illuminate\\Events\\{closure}('composing: erro...', Array)
#22 D:\\laragon\\laragon\\www\\sungoods\\vendor\\laravel\\framework\\src\\Illuminate\\View\\Concerns\\ManagesEvents.php(177): Illuminate\\Events\\Dispatcher->dispatch('composing: erro...', Array)
#23 D:\\laragon\\laragon\\www\\sungoods\\vendor\\laravel\\framework\\src\\Illuminate\\View\\View.php(176): Illuminate\\View\\Factory->callComposer(Object(Illuminate\\View\\View))
#24 D:\\laragon\\laragon\\www\\sungoods\\vendor\\laravel\\framework\\src\\Illuminate\\View\\View.php(147): Illuminate\\View\\View->renderContents()
#25 D:\\laragon\\laragon\\www\\sungoods\\vendor\\laravel\\framework\\src\\Illuminate\\Http\\Response.php(69): Illuminate\\View\\View->render()
#26 D:\\laragon\\laragon\\www\\sungoods\\vendor\\laravel\\framework\\src\\Illuminate\\Http\\Response.php(35): Illuminate\\Http\\Response->setContent(Object(Illuminate\\View\\View))
#27 D:\\laragon\\laragon\\www\\sungoods\\vendor\\laravel\\framework\\src\\Illuminate\\Routing\\ResponseFactory.php(57): Illuminate\\Http\\Response->__construct(Object(Illuminate\\View\\View), 500, Array)
#28 D:\\laragon\\laragon\\www\\sungoods\\vendor\\laravel\\framework\\src\\Illuminate\\Routing\\ResponseFactory.php(87): Illuminate\\Routing\\ResponseFactory->make(Object(Illuminate\\View\\View), 500, Array)
#29 D:\\laragon\\laragon\\www\\sungoods\\vendor\\laravel\\framework\\src\\Illuminate\\Foundation\\Exceptions\\Handler.php(626): Illuminate\\Routing\\ResponseFactory->view('errors::500', Array, 500, Array)
#30 D:\\laragon\\laragon\\www\\sungoods\\vendor\\laravel\\framework\\src\\Illuminate\\Foundation\\Exceptions\\Handler.php(554): Illuminate\\Foundation\\Exceptions\\Handler->renderHttpException(Object(Symfony\\Component\\HttpKernel\\Exception\\HttpException))
#31 D:\\laragon\\laragon\\www\\sungoods\\vendor\\laravel\\framework\\src\\Illuminate\\Foundation\\Exceptions\\Handler.php(460): Illuminate\\Foundation\\Exceptions\\Handler->prepareResponse(Object(Illuminate\\Http\\Request), Object(Symfony\\Component\\HttpKernel\\Exception\\HttpException))
#32 D:\\laragon\\laragon\\www\\sungoods\\vendor\\laravel\\framework\\src\\Illuminate\\Foundation\\Exceptions\\Handler.php(377): Illuminate\\Foundation\\Exceptions\\Handler->renderExceptionResponse(Object(Illuminate\\Http\\Request), Object(Illuminate\\Database\\QueryException))
#33 D:\\laragon\\laragon\\www\\sungoods\\vendor\\laravel\\framework\\src\\Illuminate\\Foundation\\Http\\Kernel.php(493): Illuminate\\Foundation\\Exceptions\\Handler->render(Object(Illuminate\\Http\\Request), Object(Illuminate\\Database\\QueryException))
#34 D:\\laragon\\laragon\\www\\sungoods\\vendor\\laravel\\framework\\src\\Illuminate\\Foundation\\Http\\Kernel.php(138): Illuminate\\Foundation\\Http\\Kernel->renderException(Object(Illuminate\\Http\\Request), Object(Illuminate\\Database\\QueryException))
#35 D:\\laragon\\laragon\\www\\sungoods\\public\\index.php(51): Illuminate\\Foundation\\Http\\Kernel->handle(Object(Illuminate\\Http\\Request))
#36 {main}
"} 
[2026-04-22 07:48:11] production.ERROR: Uncaught PDOException: SQLSTATE[HY000] [1045] Access denied for user 'forge'@'localhost' (using password: YES) in D:\laragon\laragon\www\sungoods\vendor\laravel\framework\src\Illuminate\Database\Connectors\Connector.php:70
Stack trace:
#0 D:\laragon\laragon\www\sungoods\vendor\laravel\framework\src\Illuminate\Database\Connectors\Connector.php(70): PDO->__construct('mysql:host=127....', 'forge', Object(SensitiveParameterValue), Array)
#1 D:\laragon\laragon\www\sungoods\vendor\laravel\framework\src\Illuminate\Database\Connectors\Connector.php(45): Illuminate\Database\Connectors\Connector->createPdoConnection('mysql:host=127....', 'forge', '', Array)
#2 D:\laragon\laragon\www\sungoods\vendor\laravel\framework\src\Illuminate\Database\Connectors\MySqlConnector.php(24): Illuminate\Database\Connectors\Connector->createConnection('mysql:host=127....', Array, Array)
#3 D:\laragon\laragon\www\sungoods\vendor\laravel\framework\src\Illuminate\Database\Connectors\ConnectionFactory.php(184): Illuminate\Database\Connectors\MySqlConnector->connect(Array)
#4 [internal function]: Illuminate\Database\Connectors\ConnectionFactory->Illuminate\Database\Connectors\{closure}()
#5 D:\laragon\laragon\www\sungoods\vendor\laravel\framework\src\Illuminate\Database\Connection.php(1181): call_user_func(Object(Closure))
#6 D:\laragon\laragon\www\sungoods\vendor\laravel\framework\src\Illuminate\Database\Connection.php(1217): Illuminate\Database\Connection->getPdo()
#7 D:\laragon\laragon\www\sungoods\vendor\laravel\framework\src\Illuminate\Database\Connection.php(486): Illuminate\Database\Connection->getReadPdo()
#8 D:\laragon\laragon\www\sungoods\vendor\laravel\framework\src\Illuminate\Database\Connection.php(414): Illuminate\Database\Connection->getPdoForSelect(true)
#9 D:\laragon\laragon\www\sungoods\vendor\laravel\framework\src\Illuminate\Database\Connection.php(753): Illuminate\Database\Connection->Illuminate\Database\{closure}('select * from `...', Array)
#10 D:\laragon\laragon\www\sungoods\vendor\laravel\framework\src\Illuminate\Database\Connection.php(720): Illuminate\Database\Connection->runQueryCallback('select * from `...', Array, Object(Closure))
#11 D:\laragon\laragon\www\sungoods\vendor\laravel\framework\src\Illuminate\Database\Connection.php(405): Illuminate\Database\Connection->run('select * from `...', Array, Object(Closure))
#12 D:\laragon\laragon\www\sungoods\vendor\laravel\framework\src\Illuminate\Database\Query\Builder.php(2705): Illuminate\Database\Connection->select('select * from `...', Array, true)
#13 D:\laragon\laragon\www\sungoods\vendor\laravel\framework\src\Illuminate\Database\Query\Builder.php(2694): Illuminate\Database\Query\Builder->runSelect()
#14 D:\laragon\laragon\www\sungoods\vendor\laravel\framework\src\Illuminate\Database\Query\Builder.php(3230): Illuminate\Database\Query\Builder->Illuminate\Database\Query\{closure}()
#15 D:\laragon\laragon\www\sungoods\vendor\laravel\framework\src\Illuminate\Database\Query\Builder.php(2693): Illuminate\Database\Query\Builder->onceWithColumns(Array, Object(Closure))
#16 D:\laragon\laragon\www\sungoods\vendor\laravel\framework\src\Illuminate\Database\Eloquent\Builder.php(710): Illuminate\Database\Query\Builder->get(Array)
#17 D:\laragon\laragon\www\sungoods\vendor\laravel\framework\src\Illuminate\Database\Eloquent\Builder.php(694): Illuminate\Database\Eloquent\Builder->getModels(Array)
#18 D:\laragon\laragon\www\sungoods\app\Providers\AppServiceProvider.php(40): Illuminate\Database\Eloquent\Builder->get()
#19 D:\laragon\laragon\www\sungoods\vendor\laravel\framework\src\Illuminate\View\Concerns\ManagesEvents.php(162): App\Providers\AppServiceProvider->App\Providers\{closure}(Object(Illuminate\View\View))
#20 D:\laragon\laragon\www\sungoods\vendor\laravel\framework\src\Illuminate\Events\Dispatcher.php(418): Illuminate\View\Factory->Illuminate\View\Concerns\{closure}('composing: erro...', Array)
#21 D:\laragon\laragon\www\sungoods\vendor\laravel\framework\src\Illuminate\Events\Dispatcher.php(249): Illuminate\Events\Dispatcher->Illuminate\Events\{closure}('composing: erro...', Array)
#22 D:\laragon\laragon\www\sungoods\vendor\laravel\framework\src\Illuminate\View\Concerns\ManagesEvents.php(177): Illuminate\Events\Dispatcher->dispatch('composing: erro...', Array)
#23 D:\laragon\laragon\www\sungoods\vendor\laravel\framework\src\Illuminate\View\View.php(176): Illuminate\View\Factory->callComposer(Object(Illuminate\View\View))
#24 D:\laragon\laragon\www\sungoods\vendor\laravel\framework\src\Illuminate\View\View.php(147): Illuminate\View\View->renderContents()
#25 D:\laragon\laragon\www\sungoods\vendor\laravel\framework\src\Illuminate\Http\Response.php(69): Illuminate\View\View->render()
#26 D:\laragon\laragon\www\sungoods\vendor\laravel\framework\src\Illuminate\Http\Response.php(35): Illuminate\Http\Response->setContent(Object(Illuminate\View\View))
#27 D:\laragon\laragon\www\sungoods\vendor\laravel\framework\src\Illuminate\Routing\ResponseFactory.php(57): Illuminate\Http\Response->__construct(Object(Illuminate\View\View), 500, Array)
#28 D:\laragon\laragon\www\sungoods\vendor\laravel\framework\src\Illuminate\Routing\ResponseFactory.php(87): Illuminate\Routing\ResponseFactory->make(Object(Illuminate\View\View), 500, Array)
#29 D:\laragon\laragon\www\sungoods\vendor\laravel\framework\src\Illuminate\Foundation\Exceptions\Handler.php(626): Illuminate\Routing\ResponseFactory->view('errors::500', Array, 500, Array)
#30 D:\laragon\laragon\www\sungoods\vendor\laravel\framework\src\Illuminate\Foundation\Exceptions\Handler.php(554): Illuminate\Foundation\Exceptions\Handler->renderHttpException(Object(Symfony\Component\HttpKernel\Exception\HttpException))
#31 D:\laragon\laragon\www\sungoods\vendor\laravel\framework\src\Illuminate\Foundation\Exceptions\Handler.php(460): Illuminate\Foundation\Exceptions\Handler->prepareResponse(Object(Illuminate\Http\Request), Object(Symfony\Component\HttpKernel\Exception\HttpException))
#32 D:\laragon\laragon\www\sungoods\vendor\laravel\framework\src\Illuminate\Foundation\Exceptions\Handler.php(377): Illuminate\Foundation\Exceptions\Handler->renderExceptionResponse(Object(Illuminate\Http\Request), Object(Illuminate\Database\QueryException))
#33 D:\laragon\laragon\www\sungoods\vendor\laravel\framework\src\Illuminate\Foundation\Bootstrap\HandleExceptions.php(233): Illuminate\Foundation\Exceptions\Handler->render(Object(Illuminate\Http\Request), Object(Illuminate\Database\QueryException))
#34 D:\laragon\laragon\www\sungoods\vendor\laravel\framework\src\Illuminate\Foundation\Bootstrap\HandleExceptions.php(210): Illuminate\Foundation\Bootstrap\HandleExceptions->renderHttpResponse(Object(Illuminate\Database\QueryException))
#35 D:\laragon\laragon\www\sungoods\vendor\laravel\framework\src\Illuminate\Foundation\Bootstrap\HandleExceptions.php(270): Illuminate\Foundation\Bootstrap\HandleExceptions->handleException(Object(Illuminate\Database\QueryException))
#36 [internal function]: Illuminate\Foundation\Bootstrap\HandleExceptions->Illuminate\Foundation\Bootstrap\{closure}(Object(Illuminate\Database\QueryException))
#37 {main}

Next Illuminate\Database\QueryException: SQLSTATE[HY000] [1045] Access denied for user 'forge'@'localhost' (using password: YES) (SQL: select * from `menus` where `active` = 1 and `type` = header_menu order by `drag_id` asc, `created_at` desc) in D:\laragon\laragon\www\sungoods\vendor\laravel\framework\src\Illuminate\Database\Connection.php:760
Stack trace:
#0 D:\laragon\laragon\www\sungoods\vendor\laravel\framework\src\Illuminate\Database\Connection.php(720): Illuminate\Database\Connection->runQueryCallback('select * from `...', Array, Object(Closure))
#1 D:\laragon\laragon\www\sungoods\vendor\laravel\framework\src\Illuminate\Database\Connection.php(405): Illuminate\Database\Connection->run('select * from `...', Array, Object(Closure))
#2 D:\laragon\laragon\www\sungoods\vendor\laravel\framework\src\Illuminate\Database\Query\Builder.php(2705): Illuminate\Database\Connection->select('select * from `...', Array, true)
#3 D:\laragon\laragon\www\sungoods\vendor\laravel\framework\src\Illuminate\Database\Query\Builder.php(2694): Illuminate\Database\Query\Builder->runSelect()
#4 D:\laragon\laragon\www\sungoods\vendor\laravel\framework\src\Illuminate\Database\Query\Builder.php(3230): Illuminate\Database\Query\Builder->Illuminate\Database\Query\{closure}()
#5 D:\laragon\laragon\www\sungoods\vendor\laravel\framework\src\Illuminate\Database\Query\Builder.php(2693): Illuminate\Database\Query\Builder->onceWithColumns(Array, Object(Closure))
#6 D:\laragon\laragon\www\sungoods\vendor\laravel\framework\src\Illuminate\Database\Eloquent\Builder.php(710): Illuminate\Database\Query\Builder->get(Array)
#7 D:\laragon\laragon\www\sungoods\vendor\laravel\framework\src\Illuminate\Database\Eloquent\Builder.php(694): Illuminate\Database\Eloquent\Builder->getModels(Array)
#8 D:\laragon\laragon\www\sungoods\app\Providers\AppServiceProvider.php(40): Illuminate\Database\Eloquent\Builder->get()
#9 D:\laragon\laragon\www\sungoods\vendor\laravel\framework\src\Illuminate\View\Concerns\ManagesEvents.php(162): App\Providers\AppServiceProvider->App\Providers\{closure}(Object(Illuminate\View\View))
#10 D:\laragon\laragon\www\sungoods\vendor\laravel\framework\src\Illuminate\Events\Dispatcher.php(418): Illuminate\View\Factory->Illuminate\View\Concerns\{closure}('composing: erro...', Array)
#11 D:\laragon\laragon\www\sungoods\vendor\laravel\framework\src\Illuminate\Events\Dispatcher.php(249): Illuminate\Events\Dispatcher->Illuminate\Events\{closure}('composing: erro...', Array)
#12 D:\laragon\laragon\www\sungoods\vendor\laravel\framework\src\Illuminate\View\Concerns\ManagesEvents.php(177): Illuminate\Events\Dispatcher->dispatch('composing: erro...', Array)
#13 D:\laragon\laragon\www\sungoods\vendor\laravel\framework\src\Illuminate\View\View.php(176): Illuminate\View\Factory->callComposer(Object(Illuminate\View\View))
#14 D:\laragon\laragon\www\sungoods\vendor\laravel\framework\src\Illuminate\View\View.php(147): Illuminate\View\View->renderContents()
#15 D:\laragon\laragon\www\sungoods\vendor\laravel\framework\src\Illuminate\Http\Response.php(69): Illuminate\View\View->render()
#16 D:\laragon\laragon\www\sungoods\vendor\laravel\framework\src\Illuminate\Http\Response.php(35): Illuminate\Http\Response->setContent(Object(Illuminate\View\View))
#17 D:\laragon\laragon\www\sungoods\vendor\laravel\framework\src\Illuminate\Routing\ResponseFactory.php(57): Illuminate\Http\Response->__construct(Object(Illuminate\View\View), 500, Array)
#18 D:\laragon\laragon\www\sungoods\vendor\laravel\framework\src\Illuminate\Routing\ResponseFactory.php(87): Illuminate\Routing\ResponseFactory->make(Object(Illuminate\View\View), 500, Array)
#19 D:\laragon\laragon\www\sungoods\vendor\laravel\framework\src\Illuminate\Foundation\Exceptions\Handler.php(626): Illuminate\Routing\ResponseFactory->view('errors::500', Array, 500, Array)
#20 D:\laragon\laragon\www\sungoods\vendor\laravel\framework\src\Illuminate\Foundation\Exceptions\Handler.php(554): Illuminate\Foundation\Exceptions\Handler->renderHttpException(Object(Symfony\Component\HttpKernel\Exception\HttpException))
#21 D:\laragon\laragon\www\sungoods\vendor\laravel\framework\src\Illuminate\Foundation\Exceptions\Handler.php(460): Illuminate\Foundation\Exceptions\Handler->prepareResponse(Object(Illuminate\Http\Request), Object(Symfony\Component\HttpKernel\Exception\HttpException))
#22 D:\laragon\laragon\www\sungoods\vendor\laravel\framework\src\Illuminate\Foundation\Exceptions\Handler.php(377): Illuminate\Foundation\Exceptions\Handler->renderExceptionResponse(Object(Illuminate\Http\Request), Object(Illuminate\Database\QueryException))
#23 D:\laragon\laragon\www\sungoods\vendor\laravel\framework\src\Illuminate\Foundation\Bootstrap\HandleExceptions.php(233): Illuminate\Foundation\Exceptions\Handler->render(Object(Illuminate\Http\Request), Object(Illuminate\Database\QueryException))
#24 D:\laragon\laragon\www\sungoods\vendor\laravel\framework\src\Illuminate\Foundation\Bootstrap\HandleExceptions.php(210): Illuminate\Foundation\Bootstrap\HandleExceptions->renderHttpResponse(Object(Illuminate\Database\QueryException))
#25 D:\laragon\laragon\www\sungoods\vendor\laravel\framework\src\Illuminate\Foundation\Bootstrap\HandleExceptions.php(270): Illuminate\Foundation\Bootstrap\HandleExceptions->handleException(Object(Illuminate\Database\QueryException))
#26 [internal function]: Illuminate\Foundation\Bootstrap\HandleExceptions->Illuminate\Foundation\Bootstrap\{closure}(Object(Illuminate\Database\QueryException))
#27 {main}
  thrown {"exception":"[object] (Symfony\\Component\\ErrorHandler\\Error\\FatalError(code: 0): Uncaught PDOException: SQLSTATE[HY000] [1045] Access denied for user 'forge'@'localhost' (using password: YES) in D:\\laragon\\laragon\\www\\sungoods\\vendor\\laravel\\framework\\src\\Illuminate\\Database\\Connectors\\Connector.php:70
Stack trace:
#0 D:\\laragon\\laragon\\www\\sungoods\\vendor\\laravel\\framework\\src\\Illuminate\\Database\\Connectors\\Connector.php(70): PDO->__construct('mysql:host=127....', 'forge', Object(SensitiveParameterValue), Array)
#1 D:\\laragon\\laragon\\www\\sungoods\\vendor\\laravel\\framework\\src\\Illuminate\\Database\\Connectors\\Connector.php(45): Illuminate\\Database\\Connectors\\Connector->createPdoConnection('mysql:host=127....', 'forge', '', Array)
#2 D:\\laragon\\laragon\\www\\sungoods\\vendor\\laravel\\framework\\src\\Illuminate\\Database\\Connectors\\MySqlConnector.php(24): Illuminate\\Database\\Connectors\\Connector->createConnection('mysql:host=127....', Array, Array)
#3 D:\\laragon\\laragon\\www\\sungoods\\vendor\\laravel\\framework\\src\\Illuminate\\Database\\Connectors\\ConnectionFactory.php(184): Illuminate\\Database\\Connectors\\MySqlConnector->connect(Array)
#4 [internal function]: Illuminate\\Database\\Connectors\\ConnectionFactory->Illuminate\\Database\\Connectors\\{closure}()
#5 D:\\laragon\\laragon\\www\\sungoods\\vendor\\laravel\\framework\\src\\Illuminate\\Database\\Connection.php(1181): call_user_func(Object(Closure))
#6 D:\\laragon\\laragon\\www\\sungoods\\vendor\\laravel\\framework\\src\\Illuminate\\Database\\Connection.php(1217): Illuminate\\Database\\Connection->getPdo()
#7 D:\\laragon\\laragon\\www\\sungoods\\vendor\\laravel\\framework\\src\\Illuminate\\Database\\Connection.php(486): Illuminate\\Database\\Connection->getReadPdo()
#8 D:\\laragon\\laragon\\www\\sungoods\\vendor\\laravel\\framework\\src\\Illuminate\\Database\\Connection.php(414): Illuminate\\Database\\Connection->getPdoForSelect(true)
#9 D:\\laragon\\laragon\\www\\sungoods\\vendor\\laravel\\framework\\src\\Illuminate\\Database\\Connection.php(753): Illuminate\\Database\\Connection->Illuminate\\Database\\{closure}('select * from `...', Array)
#10 D:\\laragon\\laragon\\www\\sungoods\\vendor\\laravel\\framework\\src\\Illuminate\\Database\\Connection.php(720): Illuminate\\Database\\Connection->runQueryCallback('select * from `...', Array, Object(Closure))
#11 D:\\laragon\\laragon\\www\\sungoods\\vendor\\laravel\\framework\\src\\Illuminate\\Database\\Connection.php(405): Illuminate\\Database\\Connection->run('select * from `...', Array, Object(Closure))
#12 D:\\laragon\\laragon\\www\\sungoods\\vendor\\laravel\\framework\\src\\Illuminate\\Database\\Query\\Builder.php(2705): Illuminate\\Database\\Connection->select('select * from `...', Array, true)
#13 D:\\laragon\\laragon\\www\\sungoods\\vendor\\laravel\\framework\\src\\Illuminate\\Database\\Query\\Builder.php(2694): Illuminate\\Database\\Query\\Builder->runSelect()
#14 D:\\laragon\\laragon\\www\\sungoods\\vendor\\laravel\\framework\\src\\Illuminate\\Database\\Query\\Builder.php(3230): Illuminate\\Database\\Query\\Builder->Illuminate\\Database\\Query\\{closure}()
#15 D:\\laragon\\laragon\\www\\sungoods\\vendor\\laravel\\framework\\src\\Illuminate\\Database\\Query\\Builder.php(2693): Illuminate\\Database\\Query\\Builder->onceWithColumns(Array, Object(Closure))
#16 D:\\laragon\\laragon\\www\\sungoods\\vendor\\laravel\\framework\\src\\Illuminate\\Database\\Eloquent\\Builder.php(710): Illuminate\\Database\\Query\\Builder->get(Array)
#17 D:\\laragon\\laragon\\www\\sungoods\\vendor\\laravel\\framework\\src\\Illuminate\\Database\\Eloquent\\Builder.php(694): Illuminate\\Database\\Eloquent\\Builder->getModels(Array)
#18 D:\\laragon\\laragon\\www\\sungoods\\app\\Providers\\AppServiceProvider.php(40): Illuminate\\Database\\Eloquent\\Builder->get()
#19 D:\\laragon\\laragon\\www\\sungoods\\vendor\\laravel\\framework\\src\\Illuminate\\View\\Concerns\\ManagesEvents.php(162): App\\Providers\\AppServiceProvider->App\\Providers\\{closure}(Object(Illuminate\\View\\View))
#20 D:\\laragon\\laragon\\www\\sungoods\\vendor\\laravel\\framework\\src\\Illuminate\\Events\\Dispatcher.php(418): Illuminate\\View\\Factory->Illuminate\\View\\Concerns\\{closure}('composing: erro...', Array)
#21 D:\\laragon\\laragon\\www\\sungoods\\vendor\\laravel\\framework\\src\\Illuminate\\Events\\Dispatcher.php(249): Illuminate\\Events\\Dispatcher->Illuminate\\Events\\{closure}('composing: erro...', Array)
#22 D:\\laragon\\laragon\\www\\sungoods\\vendor\\laravel\\framework\\src\\Illuminate\\View\\Concerns\\ManagesEvents.php(177): Illuminate\\Events\\Dispatcher->dispatch('composing: erro...', Array)
#23 D:\\laragon\\laragon\\www\\sungoods\\vendor\\laravel\\framework\\src\\Illuminate\\View\\View.php(176): Illuminate\\View\\Factory->callComposer(Object(Illuminate\\View\\View))
#24 D:\\laragon\\laragon\\www\\sungoods\\vendor\\laravel\\framework\\src\\Illuminate\\View\\View.php(147): Illuminate\\View\\View->renderContents()
#25 D:\\laragon\\laragon\\www\\sungoods\\vendor\\laravel\\framework\\src\\Illuminate\\Http\\Response.php(69): Illuminate\\View\\View->render()
#26 D:\\laragon\\laragon\\www\\sungoods\\vendor\\laravel\\framework\\src\\Illuminate\\Http\\Response.php(35): Illuminate\\Http\\Response->setContent(Object(Illuminate\\View\\View))
#27 D:\\laragon\\laragon\\www\\sungoods\\vendor\\laravel\\framework\\src\\Illuminate\\Routing\\ResponseFactory.php(57): Illuminate\\Http\\Response->__construct(Object(Illuminate\\View\\View), 500, Array)
#28 D:\\laragon\\laragon\\www\\sungoods\\vendor\\laravel\\framework\\src\\Illuminate\\Routing\\ResponseFactory.php(87): Illuminate\\Routing\\ResponseFactory->make(Object(Illuminate\\View\\View), 500, Array)
#29 D:\\laragon\\laragon\\www\\sungoods\\vendor\\laravel\\framework\\src\\Illuminate\\Foundation\\Exceptions\\Handler.php(626): Illuminate\\Routing\\ResponseFactory->view('errors::500', Array, 500, Array)
#30 D:\\laragon\\laragon\\www\\sungoods\\vendor\\laravel\\framework\\src\\Illuminate\\Foundation\\Exceptions\\Handler.php(554): Illuminate\\Foundation\\Exceptions\\Handler->renderHttpException(Object(Symfony\\Component\\HttpKernel\\Exception\\HttpException))
#31 D:\\laragon\\laragon\\www\\sungoods\\vendor\\laravel\\framework\\src\\Illuminate\\Foundation\\Exceptions\\Handler.php(460): Illuminate\\Foundation\\Exceptions\\Handler->prepareResponse(Object(Illuminate\\Http\\Request), Object(Symfony\\Component\\HttpKernel\\Exception\\HttpException))
#32 D:\\laragon\\laragon\\www\\sungoods\\vendor\\laravel\\framework\\src\\Illuminate\\Foundation\\Exceptions\\Handler.php(377): Illuminate\\Foundation\\Exceptions\\Handler->renderExceptionResponse(Object(Illuminate\\Http\\Request), Object(Illuminate\\Database\\QueryException))
#33 D:\\laragon\\laragon\\www\\sungoods\\vendor\\laravel\\framework\\src\\Illuminate\\Foundation\\Bootstrap\\HandleExceptions.php(233): Illuminate\\Foundation\\Exceptions\\Handler->render(Object(Illuminate\\Http\\Request), Object(Illuminate\\Database\\QueryException))
#34 D:\\laragon\\laragon\\www\\sungoods\\vendor\\laravel\\framework\\src\\Illuminate\\Foundation\\Bootstrap\\HandleExceptions.php(210): Illuminate\\Foundation\\Bootstrap\\HandleExceptions->renderHttpResponse(Object(Illuminate\\Database\\QueryException))
#35 D:\\laragon\\laragon\\www\\sungoods\\vendor\\laravel\\framework\\src\\Illuminate\\Foundation\\Bootstrap\\HandleExceptions.php(270): Illuminate\\Foundation\\Bootstrap\\HandleExceptions->handleException(Object(Illuminate\\Database\\QueryException))
#36 [internal function]: Illuminate\\Foundation\\Bootstrap\\HandleExceptions->Illuminate\\Foundation\\Bootstrap\\{closure}(Object(Illuminate\\Database\\QueryException))
#37 {main}

Next Illuminate\\Database\\QueryException: SQLSTATE[HY000] [1045] Access denied for user 'forge'@'localhost' (using password: YES) (SQL: select * from `menus` where `active` = 1 and `type` = header_menu order by `drag_id` asc, `created_at` desc) in D:\\laragon\\laragon\\www\\sungoods\\vendor\\laravel\\framework\\src\\Illuminate\\Database\\Connection.php:760
Stack trace:
#0 D:\\laragon\\laragon\\www\\sungoods\\vendor\\laravel\\framework\\src\\Illuminate\\Database\\Connection.php(720): Illuminate\\Database\\Connection->runQueryCallback('select * from `...', Array, Object(Closure))
#1 D:\\laragon\\laragon\\www\\sungoods\\vendor\\laravel\\framework\\src\\Illuminate\\Database\\Connection.php(405): Illuminate\\Database\\Connection->run('select * from `...', Array, Object(Closure))
#2 D:\\laragon\\laragon\\www\\sungoods\\vendor\\laravel\\framework\\src\\Illuminate\\Database\\Query\\Builder.php(2705): Illuminate\\Database\\Connection->select('select * from `...', Array, true)
#3 D:\\laragon\\laragon\\www\\sungoods\\vendor\\laravel\\framework\\src\\Illuminate\\Database\\Query\\Builder.php(2694): Illuminate\\Database\\Query\\Builder->runSelect()
#4 D:\\laragon\\laragon\\www\\sungoods\\vendor\\laravel\\framework\\src\\Illuminate\\Database\\Query\\Builder.php(3230): Illuminate\\Database\\Query\\Builder->Illuminate\\Database\\Query\\{closure}()
#5 D:\\laragon\\laragon\\www\\sungoods\\vendor\\laravel\\framework\\src\\Illuminate\\Database\\Query\\Builder.php(2693): Illuminate\\Database\\Query\\Builder->onceWithColumns(Array, Object(Closure))
#6 D:\\laragon\\laragon\\www\\sungoods\\vendor\\laravel\\framework\\src\\Illuminate\\Database\\Eloquent\\Builder.php(710): Illuminate\\Database\\Query\\Builder->get(Array)
#7 D:\\laragon\\laragon\\www\\sungoods\\vendor\\laravel\\framework\\src\\Illuminate\\Database\\Eloquent\\Builder.php(694): Illuminate\\Database\\Eloquent\\Builder->getModels(Array)
#8 D:\\laragon\\laragon\\www\\sungoods\\app\\Providers\\AppServiceProvider.php(40): Illuminate\\Database\\Eloquent\\Builder->get()
#9 D:\\laragon\\laragon\\www\\sungoods\\vendor\\laravel\\framework\\src\\Illuminate\\View\\Concerns\\ManagesEvents.php(162): App\\Providers\\AppServiceProvider->App\\Providers\\{closure}(Object(Illuminate\\View\\View))
#10 D:\\laragon\\laragon\\www\\sungoods\\vendor\\laravel\\framework\\src\\Illuminate\\Events\\Dispatcher.php(418): Illuminate\\View\\Factory->Illuminate\\View\\Concerns\\{closure}('composing: erro...', Array)
#11 D:\\laragon\\laragon\\www\\sungoods\\vendor\\laravel\\framework\\src\\Illuminate\\Events\\Dispatcher.php(249): Illuminate\\Events\\Dispatcher->Illuminate\\Events\\{closure}('composing: erro...', Array)
#12 D:\\laragon\\laragon\\www\\sungoods\\vendor\\laravel\\framework\\src\\Illuminate\\View\\Concerns\\ManagesEvents.php(177): Illuminate\\Events\\Dispatcher->dispatch('composing: erro...', Array)
#13 D:\\laragon\\laragon\\www\\sungoods\\vendor\\laravel\\framework\\src\\Illuminate\\View\\View.php(176): Illuminate\\View\\Factory->callComposer(Object(Illuminate\\View\\View))
#14 D:\\laragon\\laragon\\www\\sungoods\\vendor\\laravel\\framework\\src\\Illuminate\\View\\View.php(147): Illuminate\\View\\View->renderContents()
#15 D:\\laragon\\laragon\\www\\sungoods\\vendor\\laravel\\framework\\src\\Illuminate\\Http\\Response.php(69): Illuminate\\View\\View->render()
#16 D:\\laragon\\laragon\\www\\sungoods\\vendor\\laravel\\framework\\src\\Illuminate\\Http\\Response.php(35): Illuminate\\Http\\Response->setContent(Object(Illuminate\\View\\View))
#17 D:\\laragon\\laragon\\www\\sungoods\\vendor\\laravel\\framework\\src\\Illuminate\\Routing\\ResponseFactory.php(57): Illuminate\\Http\\Response->__construct(Object(Illuminate\\View\\View), 500, Array)
#18 D:\\laragon\\laragon\\www\\sungoods\\vendor\\laravel\\framework\\src\\Illuminate\\Routing\\ResponseFactory.php(87): Illuminate\\Routing\\ResponseFactory->make(Object(Illuminate\\View\\View), 500, Array)
#19 D:\\laragon\\laragon\\www\\sungoods\\vendor\\laravel\\framework\\src\\Illuminate\\Foundation\\Exceptions\\Handler.php(626): Illuminate\\Routing\\ResponseFactory->view('errors::500', Array, 500, Array)
#20 D:\\laragon\\laragon\\www\\sungoods\\vendor\\laravel\\framework\\src\\Illuminate\\Foundation\\Exceptions\\Handler.php(554): Illuminate\\Foundation\\Exceptions\\Handler->renderHttpException(Object(Symfony\\Component\\HttpKernel\\Exception\\HttpException))
#21 D:\\laragon\\laragon\\www\\sungoods\\vendor\\laravel\\framework\\src\\Illuminate\\Foundation\\Exceptions\\Handler.php(460): Illuminate\\Foundation\\Exceptions\\Handler->prepareResponse(Object(Illuminate\\Http\\Request), Object(Symfony\\Component\\HttpKernel\\Exception\\HttpException))
#22 D:\\laragon\\laragon\\www\\sungoods\\vendor\\laravel\\framework\\src\\Illuminate\\Foundation\\Exceptions\\Handler.php(377): Illuminate\\Foundation\\Exceptions\\Handler->renderExceptionResponse(Object(Illuminate\\Http\\Request), Object(Illuminate\\Database\\QueryException))
#23 D:\\laragon\\laragon\\www\\sungoods\\vendor\\laravel\\framework\\src\\Illuminate\\Foundation\\Bootstrap\\HandleExceptions.php(233): Illuminate\\Foundation\\Exceptions\\Handler->render(Object(Illuminate\\Http\\Request), Object(Illuminate\\Database\\QueryException))
#24 D:\\laragon\\laragon\\www\\sungoods\\vendor\\laravel\\framework\\src\\Illuminate\\Foundation\\Bootstrap\\HandleExceptions.php(210): Illuminate\\Foundation\\Bootstrap\\HandleExceptions->renderHttpResponse(Object(Illuminate\\Database\\QueryException))
#25 D:\\laragon\\laragon\\www\\sungoods\\vendor\\laravel\\framework\\src\\Illuminate\\Foundation\\Bootstrap\\HandleExceptions.php(270): Illuminate\\Foundation\\Bootstrap\\HandleExceptions->handleException(Object(Illuminate\\Database\\QueryException))
#26 [internal function]: Illuminate\\Foundation\\Bootstrap\\HandleExceptions->Illuminate\\Foundation\\Bootstrap\\{closure}(Object(Illuminate\\Database\\QueryException))
#27 {main}
  thrown at D:\\laragon\\laragon\\www\\sungoods\\vendor\\laravel\\framework\\src\\Illuminate\\Database\\Connection.php:760)
[stacktrace]
#0 {main}
"} 
[2026-04-22 13:48:34] production.ERROR: SQLSTATE[HY000] [1045] Access denied for user 'forge'@'localhost' (using password: YES) (SQL: select * from `menus` where `active` = 1 and `type` = header_menu order by `drag_id` asc, `created_at` desc) {"exception":"[object] (Illuminate\\Database\\QueryException(code: 1045): SQLSTATE[HY000] [1045] Access denied for user 'forge'@'localhost' (using password: YES) (SQL: select * from `menus` where `active` = 1 and `type` = header_menu order by `drag_id` asc, `created_at` desc) at D:\\laragon\\laragon\\www\\sungoods\\vendor\\laravel\\framework\\src\\Illuminate\\Database\\Connection.php:760)
[stacktrace]
#0 D:\\laragon\\laragon\\www\\sungoods\\vendor\\laravel\\framework\\src\\Illuminate\\Database\\Connection.php(720): Illuminate\\Database\\Connection->runQueryCallback('select * from `...', Array, Object(Closure))
#1 D:\\laragon\\laragon\\www\\sungoods\\vendor\\laravel\\framework\\src\\Illuminate\\Database\\Connection.php(405): Illuminate\\Database\\Connection->run('select * from `...', Array, Object(Closure))
#2 D:\\laragon\\laragon\\www\\sungoods\\vendor\\laravel\\framework\\src\\Illuminate\\Database\\Query\\Builder.php(2705): Illuminate\\Database\\Connection->select('select * from `...', Array, true)
#3 D:\\laragon\\laragon\\www\\sungoods\\vendor\\laravel\\framework\\src\\Illuminate\\Database\\Query\\Builder.php(2694): Illuminate\\Database\\Query\\Builder->runSelect()
#4 D:\\laragon\\laragon\\www\\sungoods\\vendor\\laravel\\framework\\src\\Illuminate\\Database\\Query\\Builder.php(3230): Illuminate\\Database\\Query\\Builder->Illuminate\\Database\\Query\\{closure}()
#5 D:\\laragon\\laragon\\www\\sungoods\\vendor\\laravel\\framework\\src\\Illuminate\\Database\\Query\\Builder.php(2693): Illuminate\\Database\\Query\\Builder->onceWithColumns(Array, Object(Closure))
#6 D:\\laragon\\laragon\\www\\sungoods\\vendor\\laravel\\framework\\src\\Illuminate\\Database\\Eloquent\\Builder.php(710): Illuminate\\Database\\Query\\Builder->get(Array)
#7 D:\\laragon\\laragon\\www\\sungoods\\vendor\\laravel\\framework\\src\\Illuminate\\Database\\Eloquent\\Builder.php(694): Illuminate\\Database\\Eloquent\\Builder->getModels(Array)
#8 D:\\laragon\\laragon\\www\\sungoods\\app\\Providers\\AppServiceProvider.php(40): Illuminate\\Database\\Eloquent\\Builder->get()
#9 D:\\laragon\\laragon\\www\\sungoods\\vendor\\laravel\\framework\\src\\Illuminate\\View\\Concerns\\ManagesEvents.php(162): App\\Providers\\AppServiceProvider->App\\Providers\\{closure}(Object(Illuminate\\View\\View))
#10 D:\\laragon\\laragon\\www\\sungoods\\vendor\\laravel\\framework\\src\\Illuminate\\Events\\Dispatcher.php(418): Illuminate\\View\\Factory->Illuminate\\View\\Concerns\\{closure}('composing: erro...', Array)
#11 D:\\laragon\\laragon\\www\\sungoods\\vendor\\laravel\\framework\\src\\Illuminate\\Events\\Dispatcher.php(249): Illuminate\\Events\\Dispatcher->Illuminate\\Events\\{closure}('composing: erro...', Array)
#12 D:\\laragon\\laragon\\www\\sungoods\\vendor\\laravel\\framework\\src\\Illuminate\\View\\Concerns\\ManagesEvents.php(177): Illuminate\\Events\\Dispatcher->dispatch('composing: erro...', Array)
#13 D:\\laragon\\laragon\\www\\sungoods\\vendor\\laravel\\framework\\src\\Illuminate\\View\\View.php(176): Illuminate\\View\\Factory->callComposer(Object(Illuminate\\View\\View))
#14 D:\\laragon\\laragon\\www\\sungoods\\vendor\\laravel\\framework\\src\\Illuminate\\View\\View.php(147): Illuminate\\View\\View->renderContents()
#15 D:\\laragon\\laragon\\www\\sungoods\\vendor\\laravel\\framework\\src\\Illuminate\\Http\\Response.php(69): Illuminate\\View\\View->render()
#16 D:\\laragon\\laragon\\www\\sungoods\\vendor\\laravel\\framework\\src\\Illuminate\\Http\\Response.php(35): Illuminate\\Http\\Response->setContent(Object(Illuminate\\View\\View))
#17 D:\\laragon\\laragon\\www\\sungoods\\vendor\\laravel\\framework\\src\\Illuminate\\Routing\\ResponseFactory.php(57): Illuminate\\Http\\Response->__construct(Object(Illuminate\\View\\View), 404, Array)
#18 D:\\laragon\\laragon\\www\\sungoods\\vendor\\laravel\\framework\\src\\Illuminate\\Routing\\ResponseFactory.php(87): Illuminate\\Routing\\ResponseFactory->make(Object(Illuminate\\View\\View), 404, Array)
#19 D:\\laragon\\laragon\\www\\sungoods\\vendor\\laravel\\framework\\src\\Illuminate\\Foundation\\Exceptions\\Handler.php(626): Illuminate\\Routing\\ResponseFactory->view('errors::404', Array, 404, Array)
#20 D:\\laragon\\laragon\\www\\sungoods\\vendor\\laravel\\framework\\src\\Illuminate\\Foundation\\Exceptions\\Handler.php(554): Illuminate\\Foundation\\Exceptions\\Handler->renderHttpException(Object(Symfony\\Component\\HttpKernel\\Exception\\NotFoundHttpException))
#21 D:\\laragon\\laragon\\www\\sungoods\\vendor\\laravel\\framework\\src\\Illuminate\\Foundation\\Exceptions\\Handler.php(460): Illuminate\\Foundation\\Exceptions\\Handler->prepareResponse(Object(Illuminate\\Http\\Request), Object(Symfony\\Component\\HttpKernel\\Exception\\NotFoundHttpException))
#22 D:\\laragon\\laragon\\www\\sungoods\\vendor\\laravel\\framework\\src\\Illuminate\\Foundation\\Exceptions\\Handler.php(377): Illuminate\\Foundation\\Exceptions\\Handler->renderExceptionResponse(Object(Illuminate\\Http\\Request), Object(Symfony\\Component\\HttpKernel\\Exception\\NotFoundHttpException))
#23 D:\\laragon\\laragon\\www\\sungoods\\vendor\\laravel\\framework\\src\\Illuminate\\Routing\\Pipeline.php(51): Illuminate\\Foundation\\Exceptions\\Handler->render(Object(Illuminate\\Http\\Request), Object(Symfony\\Component\\HttpKernel\\Exception\\NotFoundHttpException))
#24 D:\\laragon\\laragon\\www\\sungoods\\vendor\\laravel\\framework\\src\\Illuminate\\Pipeline\\Pipeline.php(143): Illuminate\\Routing\\Pipeline->handleException(Object(Illuminate\\Http\\Request), Object(Symfony\\Component\\HttpKernel\\Exception\\NotFoundHttpException))
#25 D:\\laragon\\laragon\\www\\sungoods\\vendor\\laravel\\framework\\src\\Illuminate\\Pipeline\\Pipeline.php(116): Illuminate\\Pipeline\\Pipeline->Illuminate\\Pipeline\\{closure}(Object(Illuminate\\Http\\Request))
#26 D:\\laragon\\laragon\\www\\sungoods\\vendor\\laravel\\framework\\src\\Illuminate\\Routing\\Router.php(797): Illuminate\\Pipeline\\Pipeline->then(Object(Closure))
#27 D:\\laragon\\laragon\\www\\sungoods\\vendor\\laravel\\framework\\src\\Illuminate\\Routing\\Router.php(776): Illuminate\\Routing\\Router->runRouteWithinStack(Object(Illuminate\\Routing\\Route), Object(Illuminate\\Http\\Request))
#28 D:\\laragon\\laragon\\www\\sungoods\\vendor\\laravel\\framework\\src\\Illuminate\\Routing\\Router.php(740): Illuminate\\Routing\\Router->runRoute(Object(Illuminate\\Http\\Request), Object(Illuminate\\Routing\\Route))
#29 D:\\laragon\\laragon\\www\\sungoods\\vendor\\laravel\\framework\\src\\Illuminate\\Routing\\Router.php(729): Illuminate\\Routing\\Router->dispatchToRoute(Object(Illuminate\\Http\\Request))
#30 D:\\laragon\\laragon\\www\\sungoods\\vendor\\laravel\\framework\\src\\Illuminate\\Foundation\\Http\\Kernel.php(190): Illuminate\\Routing\\Router->dispatch(Object(Illuminate\\Http\\Request))
#31 D:\\laragon\\laragon\\www\\sungoods\\vendor\\laravel\\framework\\src\\Illuminate\\Pipeline\\Pipeline.php(141): Illuminate\\Foundation\\Http\\Kernel->Illuminate\\Foundation\\Http\\{closure}(Object(Illuminate\\Http\\Request))
#32 D:\\laragon\\laragon\\www\\sungoods\\vendor\\barryvdh\\laravel-debugbar\\src\\Middleware\\InjectDebugbar.php(66): Illuminate\\Pipeline\\Pipeline->Illuminate\\Pipeline\\{closure}(Object(Illuminate\\Http\\Request))
#33 D:\\laragon\\laragon\\www\\sungoods\\vendor\\laravel\\framework\\src\\Illuminate\\Pipeline\\Pipeline.php(180): Barryvdh\\Debugbar\\Middleware\\InjectDebugbar->handle(Object(Illuminate\\Http\\Request), Object(Closure))
#34 D:\\laragon\\laragon\\www\\sungoods\\vendor\\laravel\\framework\\src\\Illuminate\\Foundation\\Http\\Middleware\\TransformsRequest.php(21): Illuminate\\Pipeline\\Pipeline->Illuminate\\Pipeline\\{closure}(Object(Illuminate\\Http\\Request))
#35 D:\\laragon\\laragon\\www\\sungoods\\vendor\\laravel\\framework\\src\\Illuminate\\Foundation\\Http\\Middleware\\ConvertEmptyStringsToNull.php(31): Illuminate\\Foundation\\Http\\Middleware\\TransformsRequest->handle(Object(Illuminate\\Http\\Request), Object(Closure))
#36 D:\\laragon\\laragon\\www\\sungoods\\vendor\\laravel\\framework\\src\\Illuminate\\Pipeline\\Pipeline.php(180): Illuminate\\Foundation\\Http\\Middleware\\ConvertEmptyStringsToNull->handle(Object(Illuminate\\Http\\Request), Object(Closure))
#37 D:\\laragon\\laragon\\www\\sungoods\\vendor\\laravel\\framework\\src\\Illuminate\\Foundation\\Http\\Middleware\\TransformsRequest.php(21): Illuminate\\Pipeline\\Pipeline->Illuminate\\Pipeline\\{closure}(Object(Illuminate\\Http\\Request))
#38 D:\\laragon\\laragon\\www\\sungoods\\vendor\\laravel\\framework\\src\\Illuminate\\Foundation\\Http\\Middleware\\TrimStrings.php(40): Illuminate\\Foundation\\Http\\Middleware\\TransformsRequest->handle(Object(Illuminate\\Http\\Request), Object(Closure))
#39 D:\\laragon\\laragon\\www\\sungoods\\vendor\\laravel\\framework\\src\\Illuminate\\Pipeline\\Pipeline.php(180): Illuminate\\Foundation\\Http\\Middleware\\TrimStrings->handle(Object(Illuminate\\Http\\Request), Object(Closure))
#40 D:\\laragon\\laragon\\www\\sungoods\\vendor\\laravel\\framework\\src\\Illuminate\\Foundation\\Http\\Middleware\\ValidatePostSize.php(27): Illuminate\\Pipeline\\Pipeline->Illuminate\\Pipeline\\{closure}(Object(Illuminate\\Http\\Request))
#41 D:\\laragon\\laragon\\www\\sungoods\\vendor\\laravel\\framework\\src\\Illuminate\\Pipeline\\Pipeline.php(180): Illuminate\\Foundation\\Http\\Middleware\\ValidatePostSize->handle(Object(Illuminate\\Http\\Request), Object(Closure))
#42 D:\\laragon\\laragon\\www\\sungoods\\vendor\\laravel\\framework\\src\\Illuminate\\Foundation\\Http\\Middleware\\PreventRequestsDuringMaintenance.php(86): Illuminate\\Pipeline\\Pipeline->Illuminate\\Pipeline\\{closure}(Object(Illuminate\\Http\\Request))
#43 D:\\laragon\\laragon\\www\\sungoods\\vendor\\laravel\\framework\\src\\Illuminate\\Pipeline\\Pipeline.php(180): Illuminate\\Foundation\\Http\\Middleware\\PreventRequestsDuringMaintenance->handle(Object(Illuminate\\Http\\Request), Object(Closure))
#44 D:\\laragon\\laragon\\www\\sungoods\\vendor\\laravel\\framework\\src\\Illuminate\\Http\\Middleware\\HandleCors.php(49): Illuminate\\Pipeline\\Pipeline->Illuminate\\Pipeline\\{closure}(Object(Illuminate\\Http\\Request))
#45 D:\\laragon\\laragon\\www\\sungoods\\vendor\\laravel\\framework\\src\\Illuminate\\Pipeline\\Pipeline.php(180): Illuminate\\Http\\Middleware\\HandleCors->handle(Object(Illuminate\\Http\\Request), Object(Closure))
#46 D:\\laragon\\laragon\\www\\sungoods\\vendor\\laravel\\framework\\src\\Illuminate\\Http\\Middleware\\TrustProxies.php(39): Illuminate\\Pipeline\\Pipeline->Illuminate\\Pipeline\\{closure}(Object(Illuminate\\Http\\Request))
#47 D:\\laragon\\laragon\\www\\sungoods\\vendor\\laravel\\framework\\src\\Illuminate\\Pipeline\\Pipeline.php(180): Illuminate\\Http\\Middleware\\TrustProxies->handle(Object(Illuminate\\Http\\Request), Object(Closure))
#48 D:\\laragon\\laragon\\www\\sungoods\\vendor\\laravel\\framework\\src\\Illuminate\\Pipeline\\Pipeline.php(116): Illuminate\\Pipeline\\Pipeline->Illuminate\\Pipeline\\{closure}(Object(Illuminate\\Http\\Request))
#49 D:\\laragon\\laragon\\www\\sungoods\\vendor\\laravel\\framework\\src\\Illuminate\\Foundation\\Http\\Kernel.php(165): Illuminate\\Pipeline\\Pipeline->then(Object(Closure))
#50 D:\\laragon\\laragon\\www\\sungoods\\vendor\\laravel\\framework\\src\\Illuminate\\Foundation\\Http\\Kernel.php(134): Illuminate\\Foundation\\Http\\Kernel->sendRequestThroughRouter(Object(Illuminate\\Http\\Request))
#51 D:\\laragon\\laragon\\www\\sungoods\\public\\index.php(51): Illuminate\\Foundation\\Http\\Kernel->handle(Object(Illuminate\\Http\\Request))
#52 {main}

[previous exception] [object] (PDOException(code: 1045): SQLSTATE[HY000] [1045] Access denied for user 'forge'@'localhost' (using password: YES) at D:\\laragon\\laragon\\www\\sungoods\\vendor\\laravel\\framework\\src\\Illuminate\\Database\\Connectors\\Connector.php:70)
[stacktrace]
#0 D:\\laragon\\laragon\\www\\sungoods\\vendor\\laravel\\framework\\src\\Illuminate\\Database\\Connectors\\Connector.php(70): PDO->__construct('mysql:host=127....', 'forge', Object(SensitiveParameterValue), Array)
#1 D:\\laragon\\laragon\\www\\sungoods\\vendor\\laravel\\framework\\src\\Illuminate\\Database\\Connectors\\Connector.php(45): Illuminate\\Database\\Connectors\\Connector->createPdoConnection('mysql:host=127....', 'forge', '', Array)
#2 D:\\laragon\\laragon\\www\\sungoods\\vendor\\laravel\\framework\\src\\Illuminate\\Database\\Connectors\\MySqlConnector.php(24): Illuminate\\Database\\Connectors\\Connector->createConnection('mysql:host=127....', Array, Array)
#3 D:\\laragon\\laragon\\www\\sungoods\\vendor\\laravel\\framework\\src\\Illuminate\\Database\\Connectors\\ConnectionFactory.php(184): Illuminate\\Database\\Connectors\\MySqlConnector->connect(Array)
#4 [internal function]: Illuminate\\Database\\Connectors\\ConnectionFactory->Illuminate\\Database\\Connectors\\{closure}()
#5 D:\\laragon\\laragon\\www\\sungoods\\vendor\\laravel\\framework\\src\\Illuminate\\Database\\Connection.php(1181): call_user_func(Object(Closure))
#6 D:\\laragon\\laragon\\www\\sungoods\\vendor\\laravel\\framework\\src\\Illuminate\\Database\\Connection.php(1217): Illuminate\\Database\\Connection->getPdo()
#7 D:\\laragon\\laragon\\www\\sungoods\\vendor\\laravel\\framework\\src\\Illuminate\\Database\\Connection.php(486): Illuminate\\Database\\Connection->getReadPdo()
#8 D:\\laragon\\laragon\\www\\sungoods\\vendor\\laravel\\framework\\src\\Illuminate\\Database\\Connection.php(414): Illuminate\\Database\\Connection->getPdoForSelect(true)
#9 D:\\laragon\\laragon\\www\\sungoods\\vendor\\laravel\\framework\\src\\Illuminate\\Database\\Connection.php(753): Illuminate\\Database\\Connection->Illuminate\\Database\\{closure}('select * from `...', Array)
#10 D:\\laragon\\laragon\\www\\sungoods\\vendor\\laravel\\framework\\src\\Illuminate\\Database\\Connection.php(720): Illuminate\\Database\\Connection->runQueryCallback('select * from `...', Array, Object(Closure))
#11 D:\\laragon\\laragon\\www\\sungoods\\vendor\\laravel\\framework\\src\\Illuminate\\Database\\Connection.php(405): Illuminate\\Database\\Connection->run('select * from `...', Array, Object(Closure))
#12 D:\\laragon\\laragon\\www\\sungoods\\vendor\\laravel\\framework\\src\\Illuminate\\Database\\Query\\Builder.php(2705): Illuminate\\Database\\Connection->select('select * from `...', Array, true)
#13 D:\\laragon\\laragon\\www\\sungoods\\vendor\\laravel\\framework\\src\\Illuminate\\Database\\Query\\Builder.php(2694): Illuminate\\Database\\Query\\Builder->runSelect()
#14 D:\\laragon\\laragon\\www\\sungoods\\vendor\\laravel\\framework\\src\\Illuminate\\Database\\Query\\Builder.php(3230): Illuminate\\Database\\Query\\Builder->Illuminate\\Database\\Query\\{closure}()
#15 D:\\laragon\\laragon\\www\\sungoods\\vendor\\laravel\\framework\\src\\Illuminate\\Database\\Query\\Builder.php(2693): Illuminate\\Database\\Query\\Builder->onceWithColumns(Array, Object(Closure))
#16 D:\\laragon\\laragon\\www\\sungoods\\vendor\\laravel\\framework\\src\\Illuminate\\Database\\Eloquent\\Builder.php(710): Illuminate\\Database\\Query\\Builder->get(Array)
#17 D:\\laragon\\laragon\\www\\sungoods\\vendor\\laravel\\framework\\src\\Illuminate\\Database\\Eloquent\\Builder.php(694): Illuminate\\Database\\Eloquent\\Builder->getModels(Array)
#18 D:\\laragon\\laragon\\www\\sungoods\\app\\Providers\\AppServiceProvider.php(40): Illuminate\\Database\\Eloquent\\Builder->get()
#19 D:\\laragon\\laragon\\www\\sungoods\\vendor\\laravel\\framework\\src\\Illuminate\\View\\Concerns\\ManagesEvents.php(162): App\\Providers\\AppServiceProvider->App\\Providers\\{closure}(Object(Illuminate\\View\\View))
#20 D:\\laragon\\laragon\\www\\sungoods\\vendor\\laravel\\framework\\src\\Illuminate\\Events\\Dispatcher.php(418): Illuminate\\View\\Factory->Illuminate\\View\\Concerns\\{closure}('composing: erro...', Array)
#21 D:\\laragon\\laragon\\www\\sungoods\\vendor\\laravel\\framework\\src\\Illuminate\\Events\\Dispatcher.php(249): Illuminate\\Events\\Dispatcher->Illuminate\\Events\\{closure}('composing: erro...', Array)
#22 D:\\laragon\\laragon\\www\\sungoods\\vendor\\laravel\\framework\\src\\Illuminate\\View\\Concerns\\ManagesEvents.php(177): Illuminate\\Events\\Dispatcher->dispatch('composing: erro...', Array)
#23 D:\\laragon\\laragon\\www\\sungoods\\vendor\\laravel\\framework\\src\\Illuminate\\View\\View.php(176): Illuminate\\View\\Factory->callComposer(Object(Illuminate\\View\\View))
#24 D:\\laragon\\laragon\\www\\sungoods\\vendor\\laravel\\framework\\src\\Illuminate\\View\\View.php(147): Illuminate\\View\\View->renderContents()
#25 D:\\laragon\\laragon\\www\\sungoods\\vendor\\laravel\\framework\\src\\Illuminate\\Http\\Response.php(69): Illuminate\\View\\View->render()
#26 D:\\laragon\\laragon\\www\\sungoods\\vendor\\laravel\\framework\\src\\Illuminate\\Http\\Response.php(35): Illuminate\\Http\\Response->setContent(Object(Illuminate\\View\\View))
#27 D:\\laragon\\laragon\\www\\sungoods\\vendor\\laravel\\framework\\src\\Illuminate\\Routing\\ResponseFactory.php(57): Illuminate\\Http\\Response->__construct(Object(Illuminate\\View\\View), 404, Array)
#28 D:\\laragon\\laragon\\www\\sungoods\\vendor\\laravel\\framework\\src\\Illuminate\\Routing\\ResponseFactory.php(87): Illuminate\\Routing\\ResponseFactory->make(Object(Illuminate\\View\\View), 404, Array)
#29 D:\\laragon\\laragon\\www\\sungoods\\vendor\\laravel\\framework\\src\\Illuminate\\Foundation\\Exceptions\\Handler.php(626): Illuminate\\Routing\\ResponseFactory->view('errors::404', Array, 404, Array)
#30 D:\\laragon\\laragon\\www\\sungoods\\vendor\\laravel\\framework\\src\\Illuminate\\Foundation\\Exceptions\\Handler.php(554): Illuminate\\Foundation\\Exceptions\\Handler->renderHttpException(Object(Symfony\\Component\\HttpKernel\\Exception\\NotFoundHttpException))
#31 D:\\laragon\\laragon\\www\\sungoods\\vendor\\laravel\\framework\\src\\Illuminate\\Foundation\\Exceptions\\Handler.php(460): Illuminate\\Foundation\\Exceptions\\Handler->prepareResponse(Object(Illuminate\\Http\\Request), Object(Symfony\\Component\\HttpKernel\\Exception\\NotFoundHttpException))
#32 D:\\laragon\\laragon\\www\\sungoods\\vendor\\laravel\\framework\\src\\Illuminate\\Foundation\\Exceptions\\Handler.php(377): Illuminate\\Foundation\\Exceptions\\Handler->renderExceptionResponse(Object(Illuminate\\Http\\Request), Object(Symfony\\Component\\HttpKernel\\Exception\\NotFoundHttpException))
#33 D:\\laragon\\laragon\\www\\sungoods\\vendor\\laravel\\framework\\src\\Illuminate\\Routing\\Pipeline.php(51): Illuminate\\Foundation\\Exceptions\\Handler->render(Object(Illuminate\\Http\\Request), Object(Symfony\\Component\\HttpKernel\\Exception\\NotFoundHttpException))
#34 D:\\laragon\\laragon\\www\\sungoods\\vendor\\laravel\\framework\\src\\Illuminate\\Pipeline\\Pipeline.php(143): Illuminate\\Routing\\Pipeline->handleException(Object(Illuminate\\Http\\Request), Object(Symfony\\Component\\HttpKernel\\Exception\\NotFoundHttpException))
#35 D:\\laragon\\laragon\\www\\sungoods\\vendor\\laravel\\framework\\src\\Illuminate\\Pipeline\\Pipeline.php(116): Illuminate\\Pipeline\\Pipeline->Illuminate\\Pipeline\\{closure}(Object(Illuminate\\Http\\Request))
#36 D:\\laragon\\laragon\\www\\sungoods\\vendor\\laravel\\framework\\src\\Illuminate\\Routing\\Router.php(797): Illuminate\\Pipeline\\Pipeline->then(Object(Closure))
#37 D:\\laragon\\laragon\\www\\sungoods\\vendor\\laravel\\framework\\src\\Illuminate\\Routing\\Router.php(776): Illuminate\\Routing\\Router->runRouteWithinStack(Object(Illuminate\\Routing\\Route), Object(Illuminate\\Http\\Request))
#38 D:\\laragon\\laragon\\www\\sungoods\\vendor\\laravel\\framework\\src\\Illuminate\\Routing\\Router.php(740): Illuminate\\Routing\\Router->runRoute(Object(Illuminate\\Http\\Request), Object(Illuminate\\Routing\\Route))
#39 D:\\laragon\\laragon\\www\\sungoods\\vendor\\laravel\\framework\\src\\Illuminate\\Routing\\Router.php(729): Illuminate\\Routing\\Router->dispatchToRoute(Object(Illuminate\\Http\\Request))
#40 D:\\laragon\\laragon\\www\\sungoods\\vendor\\laravel\\framework\\src\\Illuminate\\Foundation\\Http\\Kernel.php(190): Illuminate\\Routing\\Router->dispatch(Object(Illuminate\\Http\\Request))
#41 D:\\laragon\\laragon\\www\\sungoods\\vendor\\laravel\\framework\\src\\Illuminate\\Pipeline\\Pipeline.php(141): Illuminate\\Foundation\\Http\\Kernel->Illuminate\\Foundation\\Http\\{closure}(Object(Illuminate\\Http\\Request))
#42 D:\\laragon\\laragon\\www\\sungoods\\vendor\\barryvdh\\laravel-debugbar\\src\\Middleware\\InjectDebugbar.php(66): Illuminate\\Pipeline\\Pipeline->Illuminate\\Pipeline\\{closure}(Object(Illuminate\\Http\\Request))
#43 D:\\laragon\\laragon\\www\\sungoods\\vendor\\laravel\\framework\\src\\Illuminate\\Pipeline\\Pipeline.php(180): Barryvdh\\Debugbar\\Middleware\\InjectDebugbar->handle(Object(Illuminate\\Http\\Request), Object(Closure))
#44 D:\\laragon\\laragon\\www\\sungoods\\vendor\\laravel\\framework\\src\\Illuminate\\Foundation\\Http\\Middleware\\TransformsRequest.php(21): Illuminate\\Pipeline\\Pipeline->Illuminate\\Pipeline\\{closure}(Object(Illuminate\\Http\\Request))
#45 D:\\laragon\\laragon\\www\\sungoods\\vendor\\laravel\\framework\\src\\Illuminate\\Foundation\\Http\\Middleware\\ConvertEmptyStringsToNull.php(31): Illuminate\\Foundation\\Http\\Middleware\\TransformsRequest->handle(Object(Illuminate\\Http\\Request), Object(Closure))
#46 D:\\laragon\\laragon\\www\\sungoods\\vendor\\laravel\\framework\\src\\Illuminate\\Pipeline\\Pipeline.php(180): Illuminate\\Foundation\\Http\\Middleware\\ConvertEmptyStringsToNull->handle(Object(Illuminate\\Http\\Request), Object(Closure))
#47 D:\\laragon\\laragon\\www\\sungoods\\vendor\\laravel\\framework\\src\\Illuminate\\Foundation\\Http\\Middleware\\TransformsRequest.php(21): Illuminate\\Pipeline\\Pipeline->Illuminate\\Pipeline\\{closure}(Object(Illuminate\\Http\\Request))
#48 D:\\laragon\\laragon\\www\\sungoods\\vendor\\laravel\\framework\\src\\Illuminate\\Foundation\\Http\\Middleware\\TrimStrings.php(40): Illuminate\\Foundation\\Http\\Middleware\\TransformsRequest->handle(Object(Illuminate\\Http\\Request), Object(Closure))
#49 D:\\laragon\\laragon\\www\\sungoods\\vendor\\laravel\\framework\\src\\Illuminate\\Pipeline\\Pipeline.php(180): Illuminate\\Foundation\\Http\\Middleware\\TrimStrings->handle(Object(Illuminate\\Http\\Request), Object(Closure))
#50 D:\\laragon\\laragon\\www\\sungoods\\vendor\\laravel\\framework\\src\\Illuminate\\Foundation\\Http\\Middleware\\ValidatePostSize.php(27): Illuminate\\Pipeline\\Pipeline->Illuminate\\Pipeline\\{closure}(Object(Illuminate\\Http\\Request))
#51 D:\\laragon\\laragon\\www\\sungoods\\vendor\\laravel\\framework\\src\\Illuminate\\Pipeline\\Pipeline.php(180): Illuminate\\Foundation\\Http\\Middleware\\ValidatePostSize->handle(Object(Illuminate\\Http\\Request), Object(Closure))
#52 D:\\laragon\\laragon\\www\\sungoods\\vendor\\laravel\\framework\\src\\Illuminate\\Foundation\\Http\\Middleware\\PreventRequestsDuringMaintenance.php(86): Illuminate\\Pipeline\\Pipeline->Illuminate\\Pipeline\\{closure}(Object(Illuminate\\Http\\Request))
#53 D:\\laragon\\laragon\\www\\sungoods\\vendor\\laravel\\framework\\src\\Illuminate\\Pipeline\\Pipeline.php(180): Illuminate\\Foundation\\Http\\Middleware\\PreventRequestsDuringMaintenance->handle(Object(Illuminate\\Http\\Request), Object(Closure))
#54 D:\\laragon\\laragon\\www\\sungoods\\vendor\\laravel\\framework\\src\\Illuminate\\Http\\Middleware\\HandleCors.php(49): Illuminate\\Pipeline\\Pipeline->Illuminate\\Pipeline\\{closure}(Object(Illuminate\\Http\\Request))
#55 D:\\laragon\\laragon\\www\\sungoods\\vendor\\laravel\\framework\\src\\Illuminate\\Pipeline\\Pipeline.php(180): Illuminate\\Http\\Middleware\\HandleCors->handle(Object(Illuminate\\Http\\Request), Object(Closure))
#56 D:\\laragon\\laragon\\www\\sungoods\\vendor\\laravel\\framework\\src\\Illuminate\\Http\\Middleware\\TrustProxies.php(39): Illuminate\\Pipeline\\Pipeline->Illuminate\\Pipeline\\{closure}(Object(Illuminate\\Http\\Request))
#57 D:\\laragon\\laragon\\www\\sungoods\\vendor\\laravel\\framework\\src\\Illuminate\\Pipeline\\Pipeline.php(180): Illuminate\\Http\\Middleware\\TrustProxies->handle(Object(Illuminate\\Http\\Request), Object(Closure))
#58 D:\\laragon\\laragon\\www\\sungoods\\vendor\\laravel\\framework\\src\\Illuminate\\Pipeline\\Pipeline.php(116): Illuminate\\Pipeline\\Pipeline->Illuminate\\Pipeline\\{closure}(Object(Illuminate\\Http\\Request))
#59 D:\\laragon\\laragon\\www\\sungoods\\vendor\\laravel\\framework\\src\\Illuminate\\Foundation\\Http\\Kernel.php(165): Illuminate\\Pipeline\\Pipeline->then(Object(Closure))
#60 D:\\laragon\\laragon\\www\\sungoods\\vendor\\laravel\\framework\\src\\Illuminate\\Foundation\\Http\\Kernel.php(134): Illuminate\\Foundation\\Http\\Kernel->sendRequestThroughRouter(Object(Illuminate\\Http\\Request))
#61 D:\\laragon\\laragon\\www\\sungoods\\public\\index.php(51): Illuminate\\Foundation\\Http\\Kernel->handle(Object(Illuminate\\Http\\Request))
#62 {main}
"} 
